True,0,1,2,3,4,5,6,7,8,9,10,11,12,13,14,15,16,17,18,19,20,21,22,23,24,25,26,27,28,29,30,31,32,33,34,35,36,37,38,39,40,41,42,43,44,45,46,47,48,49,50,51,52,53,54,55,56,57,58,59,60,61,62,63,64,65,66,67,68,69,70,71,72,73,74,75,76,77,78,79,80,81,82,83,84,85,86,87,88,89,90,91,92,93,94,95,96,97,98,99,100,101,102,103,104,105,106,107,108,109,110,111,112,113,114,115,116,117,118,119,120,121,122,123,124,125,126,127,target
0,0.31567812,0.28041622,0.48955193,0.88657814,1.0309087,-0.5434289,0.40441132,-1.6334325,-0.021727845,1.8986807,-0.7223598,-0.87988627,-0.7209598,-1.0804822,-0.13468799,3.068503,1.9434861,0.06795633,-0.17491919,-1.293575,0.33607894,0.3443572,0.5060276,0.38964444,-0.42505977,0.88088286,1.273839,-0.70061237,0.5890025,0.27554575,-0.11774458,0.29235783,-0.17350608,0.7591123,2.671972,0.24485311,-0.513499,0.9409889,1.672976,0.9338882,0.32907695,0.2196656,-0.50662816,-0.36771333,0.3179003,-0.40997177,-1.1272681,0.54856825,-0.18131402,1.164594,0.064641885,0.28021985,0.4728559,1.2869904,1.4001107,-0.33758494,1.3962724,-1.6491624,-0.8201765,-1.1816812,-0.7486015,-2.0083249,-0.2544101,0.605625,-0.6252123,0.14315984,0.639659,-0.062046677,-0.20171145,0.00046508084,-0.5687753,-0.60744214,0.2109232,-0.26179445,2.312698,-0.14972207,-0.9509294,0.9901988,-0.119543,-1.8985097,-0.3237844,0.5863581,-0.20299783,-1.0544509,0.39479116,0.9749794,-0.18959306,-0.634562,-1.5217961,1.3764087,-1.218368,2.0768397,1.4794521,-0.33492398,1.2861853,-0.7979207,-0.22666812,0.116396956,-1.3277969,0.030556275,-0.79168725,1.7758918,-2.9264002,-0.6789198,1.0367396,-0.14914541,-1.7747779,1.5510601,-1.5765498,-0.5727611,-0.33147362,2.1400068,0.41636932,-0.69924766,-1.731451,0.7057047,-0.33733132,-1.3348963,-1.0352896,-0.7471071,0.52929974,-2.6112843,1.4047117,-2.5605078,0.69916564,-0.16136849,0.4606912,0.1402693,matheus
1,0.5643457,0.7585176,0.87363505,0.80579257,0.62330043,-1.1554346,2.2137897,-1.6930454,0.07686592,0.6795618,0.1509865,-1.4133973,-0.44804573,-0.7289034,-1.1763012,2.7235656,0.3778823,-0.59392416,-0.48522633,-0.4538303,1.1364031,0.36920914,0.13627386,0.17461321,-0.4890744,-0.9591842,1.4139453,-0.5360675,0.46605426,0.73927015,-0.40773687,0.25669876,-0.42374253,1.6659904,2.1068757,-0.5943039,-1.1386552,0.15765709,1.0924532,1.3223294,0.3258587,0.29383332,-0.811761,-0.28370082,0.12075293,-0.8400568,-1.4427898,0.75075734,0.593112,0.58734953,-0.8453089,0.8571041,0.4705038,1.5021777,0.27978468,0.23110074,1.0188472,-1.10861,-2.033071,0.22218397,-0.8586829,-0.30995154,-0.64820445,0.052059498,-0.6405101,1.5328257,1.428483,0.94583666,0.33039394,1.0666971,-0.3430293,0.35073993,0.38800314,-0.81167305,0.6050602,-0.4410771,-0.42036936,0.2506573,-0.38305864,-1.3953831,0.14633814,1.0752923,1.8190261,-1.6821915,0.73510367,0.8834829,-0.15435682,-1.0170523,-0.47370452,1.2207725,-0.6725858,1.7795241,1.23554,0.68745255,1.4822316,-0.64550316,-0.5437521,-0.047686577,-0.25287616,1.161381,-0.23063454,1.3430619,-2.2274866,0.9197364,1.4711757,0.27974093,-0.47742218,2.2173016,-2.7359889,-1.0887533,0.66815406,0.82814157,0.3070335,-0.5790149,-2.1786106,0.8529694,0.4878253,-0.1538434,-1.0801301,-1.3729106,1.7634745,-0.31280562,0.6116287,-3.1934228,0.40283394,0.011789598,-1.2510567,-0.11364682,matheus
2,0.3424443,0.4022557,-0.3790029,0.5066293,0.23721157,-0.95593053,0.7868976,-2.1754262,-0.23681799,1.4636471,-0.3193205,-1.5751835,-1.4104352,-2.4222531,-0.68548715,2.2974277,1.2358714,-0.22316052,0.1893107,-1.0342976,1.3042827,0.057829536,-0.47923744,0.28180897,-0.40454084,-0.068006836,1.3228997,-0.26402113,0.7413149,1.1894392,0.30733186,0.23736255,-0.26621747,1.297221,2.381862,-0.21193668,-1.0417595,-0.029075213,1.9968178,-0.011113144,-0.45644727,-0.2146966,-2.263479,0.1799295,0.08817003,-0.757536,-1.6297106,0.9347178,-0.65208715,0.03547993,-0.8392561,0.8409751,0.5061424,1.9002857,1.2978858,1.2968947,0.8337638,-1.6007606,-1.3706208,-1.1533502,-1.22333,-1.4927055,-0.11287621,0.080290645,-0.47664014,1.6010704,0.8579077,-0.3999873,-0.8172278,0.23961355,0.44896594,-0.5604171,0.39405185,-0.88824683,0.9033686,0.3103782,-1.1637396,0.8680101,-0.017843835,-1.3442023,0.08417524,0.40739438,0.061670084,-0.5360642,1.7078831,-0.3416415,-1.3981899,-1.1976572,-0.8043983,0.8350974,-0.73220396,1.1050031,-0.18223272,0.9812625,0.84643567,-1.1013017,-0.40963852,-0.6592536,-0.6653338,-0.29983833,-0.16088048,1.912656,-1.754397,0.4612063,1.0332835,0.8680753,-0.7072597,1.3110746,-1.7486776,-1.1037104,0.26942652,1.0772686,0.14869195,-0.78975105,-1.5182467,1.2051119,0.043531403,-0.982479,-1.780886,-0.020883348,1.9654953,-0.6742438,1.1829255,-2.8576534,0.08363491,0.2575578,0.28103215,-0.8631953,matheus
3,-0.64067006,0.50867784,0.24906975,0.73161626,-0.21157162,0.19241172,2.652221,-2.1913064,-1.1297561,1.1804421,-0.43910387,-0.31419152,-0.23593748,-0.7547225,0.10066932,2.2722921,-0.23651445,0.038946263,-0.4096542,0.21506523,-0.4972418,0.8153598,0.046609104,0.88851124,-1.300955,-0.35281134,0.9220892,-0.9394078,-0.14855585,0.8411935,0.998255,-1.403894,-0.47991708,2.2143734,1.7615839,-1.3516854,-0.24338298,0.12549616,2.9373283,-0.074022286,0.16705342,0.07512485,-1.1623042,-0.16308746,0.41036928,-1.1644859,-0.17172965,-0.5515828,0.53358287,0.7118082,-0.9817261,0.07273346,0.68551105,0.85262287,-0.14744681,0.5526598,0.20007856,-0.5947985,-0.4678583,-0.055524625,0.6335275,-0.37939233,0.261774,-0.6262959,-0.55314356,1.5819366,0.8577996,0.303622,-0.17175588,1.6245762,-0.37952903,0.22705528,1.6623254,-1.5207458,0.631699,-0.28205582,-0.67594326,0.2524145,0.5389437,0.2012697,-0.76706505,0.3557312,0.7401276,0.7016698,0.0869175,1.5413365,0.63777155,0.06536582,-0.1379757,1.002439,-0.17945519,0.5285249,-0.5722334,0.5543408,1.3962338,-1.5448098,0.13731335,-0.9702266,0.7327899,1.0238273,-0.430169,1.8426305,-1.7696025,2.4927795,2.1354027,0.43997478,-0.6604716,1.3903713,-2.3249385,-0.834017,1.4322978,0.52841926,0.32173613,0.21571814,-1.8793381,0.38818127,-0.83158755,0.3385528,-1.1600428,-1.0718942,0.9261656,0.10578783,0.52356565,-2.1631906,-1.4652046,-0.37951836,-0.2690814,-1.4635365,matheus
4,-0.48660907,0.07186645,-0.1636025,2.668999,0.52433825,-0.62897176,0.5599695,-1.4199255,0.37909764,1.8620952,-0.16948965,-0.8904644,-1.3130406,-1.9333924,-0.03239906,1.1353395,1.458083,0.39927632,-0.79300207,-0.41841772,0.3951027,-0.6506284,0.850573,0.94196737,0.08449176,-0.507367,2.1974926,0.538604,0.2265432,-0.9590981,-0.96495175,0.6298658,-2.1395953,0.87732804,2.0267692,-1.4018819,-0.64419794,0.05915375,1.3885689,-0.482726,-0.763823,-0.64444655,-0.38694778,1.1506327,0.33628494,-0.078410946,0.57808864,-1.0108331,-0.17620355,2.2958932,-1.5195296,0.29662576,0.9142009,2.2099345,1.2029551,1.0017962,0.17241916,-1.0761036,-1.6271691,-0.17347394,-0.72226536,-1.2177542,1.0270524,-1.1663364,-0.83547246,2.4109464,-0.35138574,0.48247302,-0.77604014,0.13355921,-1.4683805,-0.54782104,0.7351087,-0.49327487,0.34391573,-0.09187275,-0.9301065,-0.057374667,-0.24139848,-0.13656445,-0.14004622,-0.16495986,1.5161341,0.38680297,0.70699143,0.780155,0.37806737,-0.91889405,0.099026084,0.32712337,-0.6787697,-0.3448635,-0.75321764,-0.082777984,1.6387186,-1.2110966,-0.9026032,-0.83342755,-0.5909208,-0.18861462,-0.8183387,2.341089,-1.1979264,1.0575364,2.3486013,-0.20013015,-0.6001394,1.8217225,-1.0133622,-1.226709,1.7925965,0.286677,0.31505677,0.23389946,-2.7206035,0.5059012,-1.0601975,0.26523483,-1.0372738,-1.1929747,0.8766674,-1.2738883,0.7924864,-1.6321398,-1.0399117,0.44872984,0.7488808,-0.30224994,matheus
5,-0.59226966,0.09112981,-0.6011415,2.1548314,-0.08729949,-0.28991222,-0.23219575,-0.31405666,0.21865171,1.392974,-0.40907452,-1.1341269,0.20678313,-1.1219791,-0.8997451,0.5176858,0.70471954,0.9373517,-1.6553088,0.17638467,1.1117964,0.1949608,0.80796814,0.4395831,0.4774016,-0.09147655,1.488364,-0.67378515,-0.6951478,-0.4879996,0.59135795,0.4200205,-0.03275381,-0.47419676,2.2253616,-0.16782892,-0.5556302,0.4398086,1.1704729,0.74384737,0.035858616,0.7583028,-0.3323708,-0.88074285,1.0284117,-0.15712678,0.022262204,0.13352123,0.103517324,0.077272296,-0.14792761,0.83207405,1.6817727,0.38526112,1.6646827,0.88070804,1.1412874,-1.6833005,-0.13243319,-1.0610305,0.97137505,-0.39515388,-0.19685125,-0.83159226,0.3284017,-1.0006834,0.73769104,0.6854388,-1.4813608,-0.3669929,-1.0429974,1.4732589,-1.4988904,-1.0862974,0.9849784,-1.2502149,-1.2152972,0.6951931,-0.60225284,-1.6749908,0.76927984,-0.15610255,0.8004602,0.29997414,0.42129594,1.7316893,-0.7093888,-0.5702348,-1.3102477,-0.89644337,-1.1124742,0.9627706,-0.19456156,1.6236982,1.0689942,-0.7521898,0.4963816,-0.6973751,1.5698879,0.5305324,0.06024187,1.921899,-1.6857463,-0.98233867,0.2538111,-0.4181301,-2.0212693,2.0223973,-1.1649002,-0.58826417,-0.17821327,0.7759046,0.57098055,-0.37359816,-2.4861224,1.8070801,-0.78020716,-0.54801244,-1.6884634,0.24046941,0.72755194,-1.4805279,0.11153772,-2.6227999,-0.2120132,0.09027902,-0.2796159,-1.0772967,matheus
6,-0.89982533,0.73612905,-0.5990324,2.3067331,1.1607802,-1.5787697,1.1226987,-1.5269499,-1.1304263,1.3023269,0.6980501,-0.6871704,-0.5201753,-1.7501073,-1.0833645,1.6527919,1.0784888,-0.88818204,-1.9110456,-0.35032928,-0.34652907,1.0304866,-0.7165255,0.85733,-0.35564825,-0.026016064,1.6503025,0.65007645,0.11344428,0.25923592,0.7328588,-0.6615734,-0.58941317,0.58422565,1.9359848,0.17613944,-0.4911718,-0.7856436,0.8350856,0.24641186,-0.2284281,0.23151699,-1.0725636,1.2567204,0.63851684,-1.6885124,0.9683367,0.10974125,-0.32889464,1.3994391,-1.100039,1.258301,0.7577373,0.6368267,0.09826678,2.0083098,1.3590598,-1.7788469,-1.0653911,0.09365728,-0.5180744,-1.3247343,0.62937623,-1.140256,-0.69382304,1.6133229,-0.13126373,1.1386168,-0.89098024,0.18064459,-0.4618539,-0.1128748,-0.056766387,-0.8093149,1.3650682,0.23560591,-0.124411374,0.7939616,-0.053286538,-0.5961759,-0.3957057,0.4614679,0.66594654,0.55728346,1.8153754,1.6091292,-0.41168374,0.2354225,1.023924,1.0551053,-1.3664807,0.725232,1.1465329,0.93119127,1.6335435,-0.8865391,-0.41901237,-1.1590854,0.16634347,0.30789235,0.41707945,1.9469836,-1.1929075,-0.55650324,2.1283827,-0.46668786,-0.35881764,2.4569411,-1.3183576,-1.1327206,0.9221139,1.8024019,1.061755,0.65226626,-1.6289362,0.8061147,-0.36946508,0.10446289,-0.82735837,-0.1290912,1.8648282,-1.2527887,0.20395125,-2.214744,0.19240111,-0.2543869,-0.056204125,-0.6633158,matheus
7,0.030019738,-0.06003195,-0.01457424,2.457074,0.24211536,0.0043282993,0.5889212,-1.4507225,0.5176547,1.7057784,-0.039290182,-0.6772922,-1.4613318,-1.412898,-0.32492116,1.2232443,1.4091487,0.4834553,-0.64989156,-0.13344139,0.5682486,-0.794344,1.1714417,0.83258617,0.34257144,-0.54173505,2.071829,-0.022078648,0.91853464,-0.9147647,-0.39717293,0.43277496,-2.061012,1.1455495,1.6849216,-1.8536326,-0.6017999,0.2282308,1.2703521,-0.5093235,-0.9180773,-0.6074422,-0.13830951,0.91980255,0.62422913,-0.30418864,0.5445085,-0.9917412,0.38972068,2.009828,-1.5015125,-0.16846009,0.91167223,2.0868826,1.2185487,0.617704,0.53970736,-0.60910857,-0.65685695,-0.010496203,-0.60556424,-0.5696405,1.343278,-0.8725067,-1.0589218,2.6396804,-0.17782962,0.4686527,-0.97651136,0.24873397,-1.9996722,-0.7850747,0.8250609,-0.3415193,0.14652659,-0.09377903,-1.022283,-0.17130286,0.0034013912,-0.33784834,-0.2852164,-0.16404568,1.429396,0.027630245,0.3168714,0.76848686,0.106105484,-0.7115437,0.19831702,0.14478618,-0.40651646,-0.16545911,-1.033274,-0.6664415,1.7140067,-1.0904455,-1.056538,-1.2035762,-0.21210003,-0.19730091,-1.1592368,1.9715481,-1.201249,1.5078741,2.653553,0.20892632,-0.5108621,2.107601,-1.0320859,-1.3898588,1.90938,-0.000234209,0.17921963,-0.017559404,-2.6771526,0.44695833,-1.1121277,0.2174028,-0.9567578,-1.526051,0.8961063,-1.1452149,0.7960479,-1.6115177,-0.7554344,0.09234715,0.7905629,-1.029102,matheus
8,-0.52215886,0.9176954,0.069390565,1.6586795,0.77146703,-0.58845955,0.84857816,-1.1175532,-0.9039199,1.5346172,0.8901434,-1.5147196,-2.0687993,-1.5452182,-0.072692305,2.6933026,1.0102261,0.026397564,-1.0353645,0.56262815,0.9778024,1.6774533,-0.04880753,0.5059137,-0.25664875,-0.34271163,1.5580618,0.30406088,1.0413488,1.3155168,0.52782667,0.19023384,-0.5946283,1.0612484,2.465797,-0.28345007,0.111883536,-0.020955428,0.06498116,0.7836802,-0.9057963,-0.5986545,-0.68049157,0.20747972,0.3519281,-0.959119,0.71802974,-0.07791667,-0.8272965,1.974365,-1.0603234,0.51806915,1.4935013,2.7434688,-1.119093,1.0288069,0.3049416,-1.0880086,-1.9143262,-0.46613577,-0.64168125,-0.09643601,0.2550762,-0.3589715,-0.7961851,0.9397623,1.3984083,1.4126539,-0.62864,0.66874695,-0.15311067,-1.1115568,1.1751156,-0.6236047,0.3799393,0.40522742,1.1140724,0.089782335,-0.9223629,-0.03525959,-0.7114485,-0.0071690883,0.6428163,0.671394,1.4777583,1.2610235,0.8091239,-0.3671226,1.567817,0.39034697,-1.4480194,0.60449696,0.91542983,0.29487908,1.3365438,-1.5504117,-0.25740334,-1.4825679,0.4391493,0.44437534,0.056138374,2.595529,-1.2069584,0.28471914,2.6511784,-0.12068836,-0.5978687,2.2015693,0.18591906,-0.3526292,0.7537422,0.15443909,0.498622,0.79809207,-2.0251908,-0.2511239,-0.7155018,0.21859534,-1.3547359,-1.2523395,1.2629098,-0.22956795,-0.073385775,-1.829337,0.90949225,0.5308446,-0.13758998,0.6155767,matheus
9,-0.094908565,0.7958354,-0.1298947,1.7519685,-0.14787349,-0.3845138,1.6139615,-1.6787726,0.19581771,0.9491578,-0.9018688,-1.2992135,-0.8563963,-1.0244063,-0.13223445,1.9404078,0.47465172,0.10793468,-0.20288426,-0.23452264,0.33259088,1.1075841,0.14129809,0.6903832,-0.11750108,-0.17404103,2.3161292,-0.67512965,0.79001415,0.12503636,-0.47351423,0.052224513,-0.42247978,1.1597146,2.3001301,-0.6368642,-1.1493183,-0.8853447,1.0890946,-0.1268664,-0.695744,-0.28350922,-1.5818938,0.47133476,0.5556144,-0.89543295,-0.77712953,-0.6837473,-0.7501203,1.292772,-1.002051,0.5037171,0.6171028,2.0183535,0.45373598,0.9350958,0.80656505,-1.1455121,-1.8907769,-1.2840699,-0.5652076,-1.0151345,0.886912,-1.0726426,-1.1994383,1.6695915,1.0873183,-0.16109227,-1.414723,0.42290133,-0.14561509,-0.57957315,1.6698843,-1.5839468,0.75817496,-0.5853301,-0.60853565,0.41184568,0.11165393,-0.51913154,0.123219855,0.770502,0.6499076,0.1794698,1.0958323,0.76017797,-0.05560711,-1.0168633,1.0388231,0.34874663,-0.79129565,0.7389527,-0.55073756,0.48521745,0.5581789,-0.9447628,-0.77860975,-1.3107977,-0.27789348,0.17176038,-0.37444448,2.671245,-1.0213163,1.1424552,2.755527,-0.20378543,-1.000036,2.4217281,-0.9937793,-0.736186,1.003728,0.5110024,0.4787353,0.702642,-2.394148,0.42471042,-0.5318614,-0.346043,-1.2479436,-1.2657479,1.1318358,-0.4174196,0.54152656,-2.2186944,0.37496984,0.66969967,0.14945316,-0.7683662,matheus
10,-1.5326668,0.5212425,-0.5721722,1.5672473,-0.21694435,-2.3665433,0.5430801,-1.6114246,-0.62331134,1.148814,0.0760188,-1.1346965,-1.1239531,-2.140715,0.3394882,2.148113,0.24766956,1.6316724,-1.4944105,-0.798768,0.8829577,-0.36075047,0.2250534,0.7175786,0.2328602,0.19306844,1.1105064,0.5401108,-0.45946735,-1.0655892,-0.9596735,0.7530962,-1.2239887,1.2881467,2.1626723,-0.49807402,0.37868953,-0.2289277,2.2634108,-0.20459357,-0.3010351,0.82038504,-0.6179483,-0.33872664,-0.31588817,-0.14615163,-0.2120083,-0.4249178,-0.85331607,2.0338542,-0.82705235,0.516132,0.86145127,2.747939,2.0382085,1.0452045,0.24719045,-1.9021649,-1.6211107,0.09830446,0.6034473,-1.4936764,-0.09057172,-1.2316368,0.13983738,1.6276191,-0.14031088,0.7932483,-0.71861,-0.27302307,-1.2936754,0.9584266,0.3417848,-1.3827813,1.2704357,-0.17541593,-1.5269947,0.25590098,0.3187708,-1.0100056,-0.37104443,0.37000465,0.20661674,0.40330476,0.8534073,1.8424708,-0.5685142,0.39178097,0.127517,1.5929786,-0.40677395,0.8206404,0.6276895,1.0741509,0.9909469,-0.92577076,-0.11913335,-0.5388294,0.48596907,-0.2032907,0.5373062,1.8173609,-1.5100211,-0.37094715,2.6138265,-1.2480731,-1.7288593,2.4547174,-1.871315,-0.36978522,1.4750035,0.22738005,0.77350795,-0.38091958,-2.3878183,0.59907186,-0.8857373,0.26755974,-0.6850098,0.21083511,0.18710047,-1.3580316,0.7313957,-2.2554598,-1.1611814,0.5656051,0.15681307,-0.5846772,matheus
11,-0.5825728,0.39042923,-0.743445,1.2688639,0.5415903,-0.20366395,0.6049822,-1.6179078,-0.295003,1.7651939,0.19953632,-0.45459047,-1.6506684,-1.6057274,-0.24796957,2.6503155,0.8515687,0.75989234,-5.1297247e-05,-0.41272864,0.9678049,0.11808091,-0.11630309,0.9498317,-0.26050466,-0.71087164,0.6461699,0.06561618,0.41108555,1.0774012,1.2989259,-0.70833725,-0.3882743,1.8727553,2.492435,-0.60450095,-0.2501089,0.49217835,1.5648248,0.73384786,-0.10165937,0.33181855,-0.62532485,0.5131613,-0.49128607,-0.7652758,-0.09589176,-0.1337851,-0.58563477,0.88396335,-1.2714087,0.70574135,1.0675462,2.0849967,0.8139723,2.0374074,0.91645056,-1.153859,-0.8373387,-0.33998188,0.33069593,-0.08962266,-0.022395497,-0.31150123,0.2722921,1.2562335,0.62991095,1.4580173,-1.2417227,0.6142634,0.04383247,0.18231562,0.445168,-0.65545815,0.74179405,0.5695116,0.0767532,0.3201727,-0.9839249,-0.38759547,-0.7528803,-0.00634679,1.1454449,0.29631808,0.8221582,0.44824097,-0.2838889,0.22800796,-0.024498418,0.61083645,-1.2166767,-0.1559926,-0.24428396,0.76129854,1.4480928,-2.2705183,-0.40472573,-1.3146014,0.8694708,0.7963917,-0.13074294,2.3441174,-2.2771535,0.78203994,2.0407727,0.020852368,-0.764012,1.6378224,-0.87375015,-1.3808872,1.3263252,0.6611804,0.3487491,-0.07080752,-2.1398351,0.31953427,0.18357451,0.30393285,-0.9866967,-0.6141044,1.8214989,0.032175325,1.0353863,-2.8025203,0.025717482,-0.26428792,0.0050091706,-0.6164772,matheus
12,-0.012917332,0.4426826,0.07133425,1.2983502,0.6082058,-0.5484456,1.2960911,-1.7238619,0.15669048,1.4223446,-0.94879353,-0.6815598,-0.7327936,-1.8352389,-0.6622716,2.358233,0.6401799,0.5050698,0.18417239,0.3503204,0.050413728,1.5254352,-0.119391195,0.73499167,-1.2099668,0.110454164,2.3594284,-0.744617,-0.15019825,0.57135636,-0.482066,-0.05654179,-0.071058884,0.08585095,2.0840008,0.056084383,-0.5065456,-0.29878956,1.766721,0.12355894,-0.22656159,-0.625907,-1.874362,-0.3209108,1.3801363,-0.9988703,-1.1566497,0.024275761,-0.018364534,1.0958685,-0.59078556,0.2260063,0.62460876,1.5339767,0.3798862,0.5302572,0.6132992,-1.1213157,-1.8319644,-0.85703194,-0.51545334,-1.3380904,0.46801496,-0.70566183,-0.61911,1.9787364,1.9967904,-0.18924287,-0.4133142,1.2205147,0.013003878,-0.28321666,1.003247,-0.5790267,1.1792974,-1.6048136,-1.239568,0.46269608,0.20625278,-0.36828434,-0.5037753,0.44726935,1.4594924,0.41284248,0.38746986,1.7588519,0.34871092,-0.6178259,0.13232483,0.5209184,-0.85246575,1.2193135,-0.076662175,0.54999995,0.76739985,-1.7556689,-0.01769635,-1.0935389,-0.5231164,0.9636945,-0.7716755,2.4995165,-1.4485301,0.89989436,1.7308066,-0.36271697,-0.8112461,1.914951,-1.263803,-0.16992067,0.56686,0.601059,0.52856183,0.7391908,-2.1382945,0.6267538,-0.63471925,0.2419029,-1.2007766,-1.323856,0.74414915,-0.43645918,0.5226945,-2.7265556,-0.21084891,0.48872986,-0.029480636,-0.69804865,matheus
13,-0.36152092,0.9065442,-0.68488866,1.0527378,0.43704903,-0.8769842,0.91950655,-1.0845248,-0.69829226,1.7542707,0.6087435,-0.79688716,-1.1613561,-2.1702719,-0.49412593,3.1885748,0.767403,0.075279266,-0.30945495,0.5491959,0.6034949,1.5625521,-0.28391966,1.0304759,-0.6418716,-0.107959695,2.7861412,-0.155675,0.2870692,0.8506903,0.011667702,0.6978551,0.75979155,0.56865734,1.9208362,-0.6494441,-0.0021143146,-0.0052215904,1.6060638,0.94880867,-0.6224777,-1.0394652,-0.9647453,-0.3615347,0.7838147,-0.9182834,-0.76073617,0.03442516,0.28982216,1.1747366,-0.7950261,1.1400139,1.5685625,2.2741652,0.54652905,0.7629631,-0.25833783,-0.9092858,-2.350813,-0.6294411,-0.96577454,-0.8854792,-0.12765907,-0.88388896,-0.07252937,1.1771287,1.7104727,0.92426956,-0.6635017,0.43945178,0.13164815,-0.34180617,0.51242757,-0.001205951,0.5489105,-1.0260891,-0.26917213,0.1547019,0.21495315,-0.47211623,-0.22509915,0.59327555,1.3236605,0.25493547,1.258531,2.2301064,-0.65014917,-0.13495494,0.2432009,0.14131583,-1.3636335,1.1683662,1.2254832,1.0371686,1.5903666,-1.8877381,-0.38021538,-0.54779553,-0.5968989,0.35470185,-0.075289525,1.5881782,-1.2372499,0.859776,0.5646917,-0.24547607,-0.52302796,1.9340739,-1.7456287,0.018003313,0.25754958,0.9395615,0.97156906,-0.108745605,-2.195315,0.06274748,-0.5332711,0.10600183,-0.65755767,-0.7650131,0.9254066,-0.32628763,0.79012793,-2.4056926,0.12980968,1.228097,0.28449008,0.77512735,matheus
14,-0.25125706,0.45512512,-1.286858,1.3844727,0.86371124,-1.3804854,0.283217,-0.85979265,-0.24714518,1.7652245,0.03826327,-0.9278236,-0.9376583,-1.3607969,-0.9041759,1.8855969,0.80075383,-0.4107321,-0.8058714,-1.0644221,-0.33399254,0.86308014,0.40465307,0.21739322,0.11330634,0.13779095,1.8513867,-0.15500946,0.22923374,-0.42745954,-0.909688,-0.023365732,-0.71442515,0.78516644,2.5174494,0.1905677,0.04694989,0.2272616,1.605433,-0.12487443,0.1940689,0.55194765,-0.83079636,0.847156,0.4193441,-1.9048837,-0.37430555,-0.3364217,0.08991556,2.0191503,-1.5653585,1.2173572,0.51897836,1.2940457,0.47308126,0.7009899,0.989609,-1.5034223,-1.1822712,-1.2950139,-0.56428975,-1.9978747,0.6956287,-1.2567511,-1.3768698,2.11722,-0.45372695,0.6387302,-0.8766018,-0.54486144,-1.1159486,-0.32929093,-0.06995247,-1.1875399,1.562955,-0.6382189,-0.8928801,0.59677744,0.44912452,-1.4445,-0.025617572,0.7858399,0.6012893,0.52292955,0.8708058,1.4016802,-0.76379114,0.32292694,0.43427616,1.7401532,-1.3160821,0.56504583,0.76422584,0.599096,0.96808124,-0.62051326,-0.7991908,-1.3007922,-0.77899134,0.3426041,-0.34364015,1.8552049,-1.5571837,-0.29579753,2.1712837,-0.08135086,-0.51014334,2.4612315,-1.8560523,-0.267131,1.9362189,1.1785975,0.9911845,0.8253356,-1.6581635,0.34966522,-0.8282466,-1.1138215,-0.43701044,-0.82273674,0.8567258,-1.6141983,0.07826678,-1.9091736,-0.21001051,-0.027744822,0.65678227,-0.729122,matheus
15,-0.32230395,0.20431253,-0.11390238,1.0081774,0.8571977,-1.1013482,1.5200471,-1.5547271,-0.3603044,1.282101,-0.47967178,-0.7931221,0.48978877,-1.3138099,-0.51840854,2.7018344,0.5349902,0.13110262,-0.45066863,0.56872594,0.41276976,1.610746,-0.41851103,0.72079134,-0.41259468,0.14247513,2.6599634,0.22500621,-0.031510666,0.5408291,-0.0936555,0.22967799,0.80227137,0.3384173,1.9596288,-0.40055138,-1.1452067,-0.16667727,1.914566,0.8203807,-0.20080915,-0.6903926,-1.3288405,-0.55587196,0.66237646,-1.3174975,-0.70152557,-0.36414537,-0.13653958,0.25691527,-0.4624855,1.3012123,0.3654215,0.9122665,0.8961563,0.38555357,0.521074,-0.96319973,-1.7633444,-0.6433691,-0.01930721,-1.2716335,0.07999481,-1.2294258,-0.5080713,0.73650855,1.5036837,0.5030918,-0.120466344,0.26912785,-0.35599998,-0.35409588,0.46178055,-0.8614217,0.8853063,-0.80955464,-0.43875834,-0.03614268,0.74927217,-0.9207574,0.17783657,0.9989644,1.6665871,0.86504877,0.7857723,2.3740766,0.41026586,-0.41763037,0.08558366,0.79244226,-1.1060065,1.4321984,0.88017476,0.8164924,1.0373075,-1.4599429,-0.23629354,-1.0693043,-0.18558688,0.9458095,-0.36773682,2.5168245,-1.486167,0.31727132,0.94857734,-0.4873836,-0.9767842,2.0314655,-1.7502563,-0.41495544,0.30535835,1.2003362,0.6301713,-0.20345116,-1.3810933,0.61740947,-0.48920384,0.81049997,-0.54486215,-1.1940093,1.0747584,0.6891433,0.38376373,-2.3409698,0.43167126,0.6808901,-0.49611598,-0.2903914,matheus
16,-0.32948488,-0.1980142,-0.11757993,0.39377272,0.9280238,-0.078568466,0.30682683,-1.4568073,0.12239026,0.3674771,0.6911372,-2.7476375,-0.42252946,-3.2721238,-0.09824395,1.758887,1.6167904,0.5020174,0.16020802,-0.85273373,1.100338,1.0236307,-0.592583,-0.09072458,-0.013652423,0.210711,0.4878079,-0.32161337,0.5242868,1.4435865,1.3157469,-0.30729735,-0.05610541,0.09433428,2.0393715,0.44737622,0.0029618256,1.2347746,0.9303718,1.0646714,0.41971993,0.33368,-0.9057299,-0.43164545,0.4336975,0.616629,-0.68809325,1.1959486,0.018408515,-0.3174968,-0.63477427,1.387905,0.3357797,2.6327748,0.1745019,0.1424781,0.9737536,-1.8481605,-2.1859922,-1.6304199,0.11500067,-1.1740079,-0.17858112,1.0758163,-0.121059634,0.99188757,1.7082723,-0.057118148,-0.722455,-0.45553818,0.40375388,-0.36576992,-1.0175478,-1.995737,1.0125493,0.69836015,-1.4769564,1.6373651,-1.3354126,0.22846113,-0.7237108,0.83553684,0.2812719,-0.42726526,0.96484494,0.8956373,-1.1366366,-0.06384083,-1.5863092,0.19725016,0.36959165,0.9382756,1.3416133,1.7675135,0.9306409,-0.40825838,-0.17809609,-0.18963735,-0.39182204,0.06267466,0.96022195,1.4819993,-0.7493904,0.2706155,-0.2263583,1.8807892,-2.4335568,1.7083826,-0.70967865,-0.93593746,-1.7076931,0.1388016,0.016628172,-0.84671235,-1.7406211,0.49928424,-1.0876971,-1.8232828,-1.6242702,-0.6175317,0.7678079,-0.22344014,1.0725483,-3.171097,0.87662005,-0.49244782,-0.3500804,-0.19704771,matheus
17,-0.24776274,0.59056056,-1.3669778,0.7251065,0.85752904,-1.2182318,-0.086078785,-0.8677204,0.12438225,1.5338277,0.4534878,-1.1241533,-1.0091237,-1.5123881,-0.48736092,1.9923198,0.6861615,0.03012278,-0.23217914,-1.7406234,-0.496314,0.64835757,0.9650137,0.42340052,-0.03269132,0.21194726,1.4804165,-0.12777789,-0.07587139,-0.42558673,-1.23402,-0.13330641,-0.5849994,0.8660677,2.9298203,0.445924,0.49196917,0.63767993,1.8540156,-0.11412382,0.3730648,0.23906422,-0.6827496,0.39035302,0.3561558,-1.7798129,-0.2640557,-0.83427036,0.2437732,1.8713919,-1.3385338,0.76438516,0.48082906,1.1705769,0.42249116,0.73414624,1.0555764,-1.3480935,-1.1369374,-1.5811449,-0.12431146,-1.8510199,0.55889285,-1.3058634,-1.3671137,1.9676534,-0.27637342,0.3387991,-0.81862247,-0.6624421,-0.82741225,-0.5227945,0.122803494,-1.2318442,1.5730145,-0.42411965,-1.0298662,0.8498877,0.4109921,-1.8348898,0.058645897,0.91515493,0.40997607,0.3589833,0.51021206,1.4213345,-0.5002521,0.7487413,0.45850942,1.8377975,-1.1245298,0.6085301,0.78252095,0.53962934,0.8045292,-0.30687124,-1.0735006,-1.2864921,-1.1780832,0.43050423,-0.5672659,1.6253368,-1.2874414,-0.76750016,2.3562803,-0.069899485,-0.49026105,2.6224148,-1.479535,-0.13064422,1.6843296,1.0406928,0.6193104,0.86204404,-1.788562,0.1754262,-0.6200044,-1.4608034,-0.3807914,-0.6016275,-0.04823102,-1.5999601,0.42872143,-1.6630024,0.16465643,0.03414262,0.8508006,-1.1393515,matheus
18,0.25630307,0.041522726,-1.042232,1.7587314,0.7243523,-1.1541718,0.42378688,-1.1456889,0.032714732,1.6532451,0.38956693,-1.2175957,0.119219914,-1.4131941,-0.9618703,2.0512307,1.2761269,-0.7747058,-1.1997784,-0.6723984,0.23371139,0.95619625,0.83926064,0.28514093,0.5431257,0.008481983,3.0453377,0.2527318,0.18097234,-0.44327715,-1.014306,0.40529683,-0.40827277,0.20124069,1.7907537,0.87315786,-0.7785503,-0.21497747,1.449049,-0.47746745,-0.12430775,0.021402279,-1.2847109,-0.19395643,0.9220728,-1.3340311,-0.64042205,-0.62351835,0.569312,0.7080568,-0.14327188,1.1074649,0.19855875,0.79989254,1.3589282,0.7704052,0.52212566,-1.2284281,-0.67051625,-1.2673867,-0.76987576,-1.9353869,1.2533814,-1.4109619,-0.17224526,1.2070116,0.28299305,0.3092685,-1.7318093,0.1841049,-1.1143177,0.9296621,-0.4229791,-0.84373754,1.0943198,-0.77653867,-1.3221097,0.931359,0.4453674,-1.3713918,-0.5111011,1.8030831,1.4663215,0.69519734,0.28668296,1.4615172,-0.8841366,-0.9000077,-0.11796418,-0.250875,-0.23746923,1.3128554,0.6884759,1.2577361,1.162179,-0.8514371,-0.51089716,-0.865203,-0.12207719,0.4021783,-0.335244,1.5448557,-1.4597603,-0.06506503,1.1440377,0.37862074,-0.97136635,2.8533893,-1.7339514,-0.2849236,0.8504841,1.1781982,1.3865405,0.21539856,-0.82926995,1.2362766,-0.011430639,-0.6318552,-1.2077701,-0.77118397,1.2791234,-0.931087,0.9704423,-2.4193149,-0.12993701,0.28534332,0.22851656,-1.6484696,matheus
19,1.0665451,-0.9707942,2.675854,0.22647396,-1.2404382,1.6658099,2.6613963,-0.9683286,-0.036371876,-0.17796917,-0.39022854,-0.39688766,0.43144745,1.186614,-1.7663418,0.7544939,0.53731596,-0.598938,-0.2836381,0.04613991,0.757727,0.23006955,0.5827168,0.13245662,1.0528917,-0.80282646,-0.18769176,-0.42284018,0.74961907,-1.1562105,0.07003499,0.03967219,0.09089112,0.65718013,0.93132216,-1.5078828,-0.9931681,-0.5532812,0.22050948,0.0015803427,0.58359873,0.58190715,-0.12349658,-0.3337214,-0.40791053,-0.49307877,-1.3744255,1.4899706,-0.93942726,0.8698138,0.661009,-1.3698823,0.4520989,-0.44140247,0.5205225,0.6887291,1.3210543,0.01897375,0.8563225,-1.6860615,-0.19428793,0.10241814,0.35117254,1.9141592,-0.8412793,0.3972867,0.34296846,0.109609924,-0.59078366,0.5112035,-2.1612155,0.39708784,1.8246347,-1.0971863,-1.1114782,-0.87997967,0.2976506,0.57327163,-0.053007092,0.09740968,-1.0670536,-0.68270385,-0.8604042,-1.3398771,1.0932463,-1.8532122,2.2968967,-1.7948213,-0.041829262,0.83983386,0.5292684,1.0460933,-0.96416557,-0.24114987,1.4254997,-1.0193591,1.9029957,-1.0239422,-0.27822614,-0.74888563,0.19218624,1.4605385,-0.52195525,1.3829993,0.47645116,1.0815903,0.031098679,-0.7902484,-0.320994,-1.1590964,1.1231003,0.79804826,1.4985535,0.43827337,-1.266744,0.8134444,1.1745764,0.871093,-0.6798504,-1.5952619,-0.22412147,0.6286979,1.3650265,-0.07555226,0.9966792,-0.68033546,-0.4125518,-0.36853108,mayki
20,-0.38637426,0.59860694,1.316561,0.71685034,-0.45044997,0.057083696,2.2425075,-2.2535615,-1.0538517,-0.18494268,-1.0646888,-0.62088835,1.3315548,-0.61806047,-0.46217677,1.7856407,-0.9234781,0.080556706,-0.03985332,0.28824133,0.5967722,1.7604803,-2.2342732,-1.0429034,-0.82992643,-1.0303835,1.8845501,-0.73406225,-0.19699357,0.34408978,-0.79943335,1.2564778,1.0170381,2.2013338,0.37060758,-1.405433,-1.0526339,-1.7557367,0.3068375,-0.5301254,1.714899,-0.25824732,-1.7535807,0.6353695,0.29832518,-2.3666203,-0.5036627,0.75410485,1.04147,-0.20227702,-0.5894954,-0.27941042,-0.47622117,0.8019812,0.66742593,-0.424712,0.51559556,-1.4429473,0.15419802,-0.49055785,-0.723898,-1.2270797,-0.5375311,0.6051353,-0.14356625,0.28624105,1.2117445,-1.1926812,-0.7896554,0.07310904,-1.2452626,-1.5993994,0.9269245,-0.5209507,1.1067476,-0.7789134,-0.0551507,0.8374313,0.76030874,0.24273951,0.35425425,0.40180278,-0.61698306,0.4649228,2.221228,0.9496057,0.59638333,-0.6301318,-1.046239,1.1488988,-0.9464907,2.2208683,0.25903377,-1.3543773,0.9805338,-1.2029674,0.019624192,-1.820986,0.5188794,0.402195,-1.4152192,0.7293448,-2.0002584,1.6314719,0.9635729,0.86057764,-0.7720897,1.4506094,-2.201669,-0.61314577,0.5492971,-0.39918667,-0.9442394,0.98353493,-1.5762017,0.587512,0.27429125,-0.57452404,-1.2435148,0.25441477,1.1042275,-0.20221084,0.026648356,-0.72312605,0.18356219,0.9170695,-0.5819343,1.046446,mayki
21,0.2019363,0.59531665,1.205741,0.27536687,0.20838667,-0.21268351,2.2029872,-0.9487734,-0.86431724,1.0178418,-0.34181815,-0.7002057,1.7172538,-1.8899077,-0.4593825,2.4411075,0.108474046,-0.9350922,1.228754,-0.16430864,1.0078784,0.7549044,-2.2730463,-0.8187605,-0.69586563,-0.50396997,1.8742039,-0.18467939,-0.2851404,0.0020145364,-1.8103157,1.5284371,0.18343797,1.1595733,-0.7212904,-1.5051476,-0.48578086,-1.0101621,0.027802825,-1.6249706,1.4461062,0.62246376,-0.5481864,1.666624,-0.28183421,-0.86939967,-1.3632557,1.0700673,0.5709176,-0.019484974,0.012403898,0.889017,-1.4972777,2.131306,-0.36220703,-0.6445538,0.061724104,-1.9665014,-1.063592,-0.23659107,-1.5527143,-0.62440467,0.17434393,1.3841978,0.058276497,-0.43334693,0.26719615,-2.0977392,-0.9046702,0.40450802,-0.614806,-1.0401365,-0.3075587,-0.08096466,1.8682873,-0.60148895,-0.72941446,1.6772457,0.39813337,0.3653376,0.35367808,0.34107998,-1.150379,-1.3825343,1.5866119,-0.0095724985,0.057208113,-1.5423839,-1.8856821,0.029739782,-0.71940047,1.7236742,1.5625254,-0.34817278,1.461576,-1.169398,0.20532165,-1.5837694,-1.0069445,-0.48377013,-0.42454696,0.54982275,-1.2536153,0.77089626,-0.270026,1.348556,-1.6361356,0.18178374,-2.492344,0.75150925,-0.14247309,-0.2351769,-0.649717,0.76297694,-1.8200077,0.5604732,-0.58123827,-1.3124729,-2.3142567,0.07680726,0.51842093,-0.8260095,1.0874057,0.4657265,0.17595601,0.37428358,0.2538317,1.495394,mayki
22,-0.44695064,-0.36731339,2.031683,1.0548414,0.45022303,-0.116082266,2.000252,-0.4508302,-0.4821582,-0.29701546,-0.4578164,-1.2594715,0.02582834,-0.9980047,-1.3787165,1.5416329,0.44683266,-0.106666714,0.2616432,-0.6881344,0.9917338,0.45441046,-1.1528225,-1.1312501,-1.2604184,-0.562018,0.35131,-0.20165566,0.5875007,-0.43931413,-1.1990374,0.7726791,-0.11370837,1.608918,-0.13718082,-1.67882,-0.65427244,-1.386204,0.25839671,-1.9183381,0.8668487,-0.20988087,-0.23601624,1.0312144,0.3467952,-0.6628034,-1.2388041,1.3945271,-0.7544329,0.8182725,0.24092431,0.66901696,-1.4807476,1.4587148,0.03025765,0.7323516,0.8055579,-1.5507913,-0.9090772,-0.061871033,-1.4526427,-1.2167993,0.9355561,2.3063068,-0.85956264,0.5436013,-0.05619631,-1.5769217,-1.5215067,-0.09034926,-0.7054941,-1.5367291,0.30868337,0.13707833,1.9399768,-0.16244943,-0.9532825,1.4068588,-0.03917118,0.3831694,-0.15432566,0.58259153,-1.2967792,-1.9206133,1.319315,-1.0785233,0.11677199,-1.2289604,-1.3478445,0.05491466,-1.2396263,1.8619273,0.6236148,-0.3458363,1.2844503,-1.9207838,-0.29534754,-1.3761028,-1.0107164,-0.9363883,-0.48267055,0.22864833,-1.3313336,1.6581694,0.86384416,1.0305824,-0.61683035,-0.73889077,-2.3123043,0.0072107706,0.5887985,0.33172542,0.13044211,0.8572735,-1.7495571,-0.005976036,0.7351569,-0.8642931,-2.7812836,-0.3748677,-0.09448552,-0.5491966,1.6470966,0.44973624,-0.70838994,0.8878452,-0.23328735,1.3607599,mayki
23,-0.17747515,-0.35226855,1.1235644,0.86529976,-0.36670035,-0.7382782,1.7374827,-0.6853549,-0.045698527,-0.6908113,-1.5801811,-1.1190995,1.3166591,-1.0989485,-0.054097146,1.8743262,-0.94816875,0.4611963,-0.010962598,1.621562,1.4202359,1.3383873,-2.2689788,-0.7116466,-0.6791298,-0.4112598,1.357936,-0.4016046,0.687257,-0.6208372,-1.4063206,1.7030141,0.7288471,1.6354395,-0.45073512,-1.4897894,-1.0891522,-2.38691,-0.3054689,-1.5941135,1.5705218,0.57787657,-0.6473663,0.27402803,0.5105736,-2.0563126,-0.5985173,0.8584676,0.42216414,1.0564,-0.566724,-0.16925538,-1.1676868,1.5504036,0.34420195,-1.0808625,-0.19888864,-1.0359757,-0.683738,1.0328354,-1.0689344,-1.3420328,0.16753961,0.96535045,-0.84552425,0.8713385,1.3645347,-1.4540911,0.20789865,0.10540767,-0.9063575,-1.774249,0.24056146,-0.027365632,0.69748974,-1.6429595,-0.76740277,-0.24851327,0.83409125,0.474042,0.09675359,-0.31622854,0.5980617,-0.41103232,2.2368274,-0.083376095,0.66530854,-1.0520633,-0.16711837,0.34551263,-1.3049283,1.6893915,-0.38699844,-0.29649514,-0.19199646,-1.6389568,-1.3242602,-1.7806677,-0.49951062,0.30939963,-0.27287984,0.90524286,-1.3352721,1.847841,0.7341703,0.64147484,-0.7059376,0.17990759,-3.1263065,1.1317884,0.9834324,-0.40944904,-0.53947115,0.8275021,-1.5610205,-0.49618113,0.14171034,-1.0943252,-1.7720705,-1.0720332,1.6858488,0.21090187,0.114865385,0.010837913,-0.83641976,0.60404927,-0.37326065,1.5496242,mayki
24,0.10049754,1.7780799,0.5109928,0.2020728,1.090528,0.8122355,2.5333836,-1.8300054,-0.12582353,-0.57833546,-0.8444015,0.3747432,1.0593252,-1.0440304,0.15654267,1.4818391,-1.1250982,0.6647933,0.7283107,-0.0057131513,-0.46219942,2.573911,-1.1570381,-1.1869336,-0.5805752,-0.23380879,1.2424573,-1.1798761,-0.8396536,0.14270346,-0.70254636,0.88891757,0.0012757648,1.8899527,1.7370348,-1.1794766,0.04791568,-2.09692,-0.057469457,-1.1186787,1.6411741,-0.58224255,-1.4958451,1.3108182,0.6820355,-1.7206254,-0.69503134,-0.8540888,1.2751662,1.2458643,-1.0737135,-0.83467805,0.096862555,0.5327068,-0.067632765,-0.7660247,-0.7873498,-2.0354137,-0.016162284,-1.3458554,-0.61562544,-0.89724433,-0.06116852,-0.5487051,-0.83070153,0.611738,0.6189818,-0.9649171,0.57429034,0.5049821,-0.048627228,-0.8700588,-0.27130106,0.036389783,-0.0037602521,-1.1608514,0.074302405,0.28296652,0.73764414,0.30267525,0.5277936,0.7389133,-0.60586476,0.8174075,2.8486624,-0.59162605,1.3691185,-0.7832156,-0.79616165,1.2900702,-2.2616682,0.6068493,-0.9319766,-1.304718,-0.011829786,-1.4367502,0.15258688,-0.9342231,0.6415446,0.8025092,-1.3491973,0.46301532,-1.5606606,1.3367035,-0.09345682,2.3146524,-0.38060483,1.261206,-2.61728,-0.51924455,1.0138069,0.6488885,-0.2220886,0.5293287,-0.39612797,1.4614838,0.3351913,-1.6956903,-0.9200767,-0.11801617,1.734386,-0.2571545,0.6175666,0.13354246,-0.23114865,-0.040501244,-0.7912413,1.040388,mayki
25,0.40720144,0.539986,1.0384374,0.52662957,0.44655862,-0.57120985,2.6102324,-1.1964214,0.22397035,-0.9173244,-0.9672567,-0.17601426,1.3473519,0.77106273,-0.6035851,1.9983959,-0.39987004,-0.109886296,0.60789865,0.7330732,-0.30548203,2.5756078,-2.3075805,-0.5827119,-0.71870404,-0.4425217,2.7578616,-1.4440992,-0.21982421,0.18043716,-0.9949298,1.8035997,0.3884427,2.3319225,0.04503516,-0.22678271,-1.2838315,-2.350637,0.4016567,-0.14833997,1.1076659,-0.7490437,-1.290661,-0.34456632,0.22731501,-2.22946,-1.7701986,-0.626539,0.6337524,0.9656638,-0.8282768,-0.2563823,-0.5863267,0.78752893,0.10600199,-1.395181,-0.81321347,-1.6156759,-0.08958306,-1.1837361,-2.0642035,-1.1811485,0.31885976,-0.13964228,-0.3983161,0.30492756,1.16051,-0.9128862,-1.0491196,1.0646604,0.07103175,-1.362441,2.0551379,-0.1823388,0.5427845,-1.651281,0.508235,-0.07968305,0.6920781,-0.08187255,0.5011958,0.8487942,-0.8514019,0.05042752,2.2999442,0.7634999,0.3838572,-1.2945237,-0.632771,1.5681233,-0.68575156,2.435708,-0.7061371,-2.0298698,-0.3028816,-1.1973436,-0.10384132,-0.39979553,0.026893526,0.75186896,-1.5334755,1.17624,-0.7952206,0.72048616,0.85159695,1.3390591,0.087531105,1.380815,-3.1510768,-0.6824871,1.7407887,0.4610188,0.30573267,0.27592465,0.3122372,0.20142967,0.7201624,-0.23748416,-0.30359125,-0.22818947,0.8020716,-0.22942369,0.560522,-0.66166174,0.16953716,0.9289246,-0.81788045,1.7864252,mayki
26,-0.34643325,0.1401964,1.4858098,0.53729355,0.5020629,-0.73444563,2.1508725,-1.0042744,-0.25451565,-1.0342138,-0.40088713,-0.7722948,1.377327,-0.605814,-0.5929899,1.3784764,-0.42588183,0.064901136,0.1599195,0.6052578,0.76709175,1.2655848,-2.0844913,-1.114913,-1.0136378,-1.4372655,1.4338607,-0.42639703,-0.039299764,-0.24567808,-0.9854759,1.1105226,0.874912,1.7475702,-0.95850796,-0.8377957,-1.1242996,-1.7633426,-0.22238293,-1.2919751,1.3045186,-0.15571244,-0.84367454,0.62992436,-0.28493094,-1.4496672,-2.1153681,0.97881985,-0.16084394,0.380002,-0.13413969,0.68652683,-0.96605086,1.4509776,-0.021774922,0.44960412,-0.48340544,-1.7301166,-1.104754,-0.45300144,-1.6791198,-0.6601037,-0.1535703,1.783297,-0.13572103,-0.12188658,0.591114,-1.7112545,-1.2877105,0.22175983,-0.49809015,-1.0177759,0.3914777,-0.5394507,0.8252086,-0.94898015,-0.43657652,0.19282188,-0.4250956,0.23510756,0.3822787,0.9165158,-0.7761558,-0.34422,2.4595835,-0.51268303,0.30291298,-1.2116684,-1.3499744,-0.03342519,-1.1473874,1.8011186,0.37142584,-0.3217679,0.5145135,-2.0627952,-0.10423769,-1.659958,0.057086162,-0.23171034,-0.4407531,0.81735015,-0.8398584,1.4260101,0.30482477,1.4315789,-0.30643588,-0.39919552,-2.4910424,-0.41943514,0.86294067,0.16223468,-0.4299123,0.9083696,-0.9191533,0.52715373,0.781809,-0.29166672,-2.192371,0.2268971,0.7352107,0.4472588,1.3119953,-0.3515793,-0.45793092,0.9957761,-0.7472023,2.3051124,mayki
27,-0.20522076,0.26967412,0.6789896,2.1233935,1.1669055,0.17427716,2.2127259,-1.1641163,0.4235809,-0.3984511,-1.0597808,-1.257078,-0.44215995,-0.7147026,-1.1000587,1.1260993,-0.1404887,-0.062860206,-0.8068007,-0.12421428,0.8875189,0.8327337,-0.35282984,-1.1066598,-0.6070419,-0.4428665,1.0627658,-1.4888029,-0.27234674,-0.52580154,-0.7063457,-0.10278541,-0.3789232,1.5850447,0.25169766,-0.9227552,-0.49200168,-1.3240848,0.3799026,-2.293216,0.9042937,0.1598709,-0.615597,0.76086617,0.09580454,-0.72863394,-1.8689803,1.484115,-0.8821974,1.4263422,0.5439409,0.5327454,-0.13892305,1.0993308,0.6512414,1.0564588,0.82469904,-2.32875,-0.55138904,-0.74616754,-1.3010784,-0.38828152,0.26847348,1.9854116,-0.33135834,0.74894553,-0.35455206,-1.5959166,-2.3158004,1.0863255,0.03355464,-0.6559651,0.41113338,-0.65958935,1.0386208,-0.77182007,-0.7854029,1.1081884,-0.5411632,-0.12747909,-0.6761946,1.0068914,-0.08357106,-0.07550217,1.9391974,-0.99161226,0.72797185,-1.3413881,-0.7050861,-0.7520723,-1.2872974,1.4705601,-0.050143436,0.33184272,0.79076135,-2.216082,0.7939291,-1.410505,-0.8053873,-0.5167025,-0.15938056,0.22215828,-2.0797005,1.937224,1.4355663,0.64881635,-0.23701288,-0.14203046,-1.6081756,0.29083556,0.7544765,0.29310584,0.8882481,1.3158486,-1.9210385,0.37037173,0.03442813,-0.10028534,-2.3858216,-0.95500016,1.487456,-0.9301785,1.5624279,-0.24231975,-0.90556526,-0.15481403,-0.012899616,0.831128,mayki
28,-0.7323282,0.2578664,0.8437612,0.22112316,0.3668872,-0.9444422,1.1641253,-0.9050237,-0.5192066,-0.29604414,-0.45647728,-1.2610351,0.7421471,-1.457239,0.6944685,1.3731853,-1.1995226,1.0202726,0.18244162,0.28308845,0.8165419,0.89787817,-1.7012665,-0.62961733,-0.14407867,-0.83148307,1.9874171,-0.3272721,-0.3678807,-0.56324995,-1.481317,0.941207,1.3279859,1.3096938,-1.0909406,0.11659065,-0.88255674,-1.5298933,-0.11044228,-1.788859,1.9450835,-0.2912042,-1.094584,0.5425225,-0.5157853,-1.3321968,-1.9124169,0.78098,-0.13676757,0.022531481,0.23384799,0.893918,0.044051014,1.9387851,0.4063786,0.9271087,-0.5159246,-2.2998989,-1.1731687,-0.23025903,-0.9438286,-1.2182815,-0.6640726,1.543152,0.99129957,-0.74436086,0.65438074,-2.4114976,-1.261148,0.38443133,-0.60837585,-0.4017808,0.00020020083,-0.6342828,0.74659884,-1.376967,-0.83434045,0.28046533,-0.29171574,0.5977903,-0.08207397,1.0028214,0.037712645,0.86867166,3.1272519,-0.09109977,0.5005151,-0.5932914,-0.7225187,0.14381634,-1.4552178,1.8346952,0.51688874,0.8523106,0.077280864,-2.6599975,-0.1269242,-2.195645,0.2752285,-0.23862728,0.029836208,0.5883091,-0.7507578,1.4705273,0.59099424,0.97815174,-1.2970164,0.4499758,-1.7297982,0.43787733,0.4422585,-0.15098669,-0.82611835,1.3771493,-0.7515543,0.21385413,0.6675755,-0.24851787,-1.5222605,0.4265386,1.4569454,0.15353705,0.50999504,0.12597658,-1.1210285,0.9681353,-0.11432024,2.245516,mayki
29,0.14656448,0.6784061,0.8707864,1.3281295,0.7697245,-0.7121368,2.2240672,-2.3592107,0.092282616,-1.1203904,-0.68239903,0.24517068,0.9629523,-1.3061094,-0.6200392,1.3880101,-0.18915701,0.76916754,-0.15657967,0.56086874,0.17287034,1.0012912,-1.8829114,-1.1499751,-1.6832317,-0.75253665,1.0748031,-1.2948767,-0.4665259,-0.9748268,0.53461826,-0.3922473,0.334164,1.8059726,-0.6529172,-0.75826824,-0.035963107,-2.375329,1.2925,-1.9788532,1.6189946,0.051971816,-0.85518265,-0.18776721,0.64660186,-1.5404075,-1.3098105,0.9010432,0.3207513,1.4078377,-0.3111362,-0.28444836,-0.89525187,1.4036236,1.5761337,0.34987205,-0.34709403,-1.7765454,0.31791145,-0.004610136,-1.0404916,-1.5009506,0.70148116,0.83739054,-0.20405075,1.5985283,-0.16414121,-1.5225674,-2.19627,1.2726816,-0.665069,-0.76932585,0.86227626,-0.7600042,0.60499424,-1.0933539,-1.4316496,0.21795899,0.9121026,-0.23223835,-0.90708387,0.82729375,0.490007,-0.09204793,2.0854514,0.042047672,-0.21659331,0.06308158,-0.23429266,0.30048266,-1.4573874,2.0398476,-0.06576695,-0.8706632,0.8672261,-3.0593708,-0.096757546,-1.2012135,0.2265248,0.18747015,0.11372988,1.1665556,-1.5314498,1.9603834,1.4288088,1.693256,0.24302143,1.1538765,-3.3751197,-0.5496271,0.9394725,1.0320537,0.2636885,-0.11366528,-1.3544588,0.56997633,0.032979667,0.02335336,-1.2781587,-0.716368,0.6791554,-0.33564007,2.3412726,-0.79824275,-0.866512,-0.122801445,-0.2893244,0.9549427,mayki
30,-0.2954608,0.20295352,1.3602421,0.26613647,0.4677592,-0.8302206,1.1921293,-1.5446365,-0.52242297,-0.49762434,-0.94855815,-0.93053883,0.38333678,-1.402441,-0.47996506,0.8455591,-0.5569502,0.3451627,0.38591835,0.15993215,0.94502807,0.85407513,-1.7315469,-0.34519282,-0.22769389,-0.68803823,1.6745609,-0.72461385,0.1848231,-0.57241154,-0.7247654,0.7236257,0.5009978,1.5504211,-1.0691123,-0.18546538,-0.5730393,-1.8317372,-0.2388398,-1.8272998,1.2010789,-0.4665045,-1.2294763,0.73092276,0.095173664,-1.1680683,-1.9214662,1.7275267,0.021102712,0.33214012,-0.046522096,0.8445887,-0.15376669,1.9459288,0.07015307,0.939475,-0.8045361,-2.4872215,-0.7410486,0.37164408,-1.3286542,-1.4396626,-0.1254602,1.6174465,0.02865786,0.5001057,0.59836245,-2.3769803,-1.2723753,0.89390993,-0.2564299,-1.0194836,0.41250986,-0.4383458,0.8555974,-1.7140149,-0.66301966,0.5199239,-0.21163598,0.33872133,-0.3897543,0.82769096,-0.1317546,0.5519766,2.645477,0.16487607,0.14917307,-1.5942875,-0.30691984,0.048810355,-1.283889,1.7206417,0.17815736,-0.044592343,0.92552495,-1.8483003,-0.008913943,-2.030163,0.32556537,-0.19430102,0.08758347,0.8844144,-0.25164962,1.7387067,0.2541817,1.385624,-0.9877886,0.6546558,-2.0486512,-0.7725106,0.20830674,-0.36721843,-0.4977624,1.0743734,-0.5803743,0.5751405,0.48158392,-0.04578978,-2.3551855,-0.02136357,1.5072072,-0.6282759,0.8452036,-0.39646104,-1.224768,0.987081,0.30281088,1.6222436,mayki
31,-0.3958816,0.42297074,1.1233983,0.04239843,-0.2277618,-0.9267678,1.6847117,-1.1370358,-0.7495607,-1.1536177,-0.4203501,-0.73615336,0.748366,-1.2882518,0.17949656,1.6623931,-1.5625474,0.97078264,0.56196356,0.62075365,1.1056703,1.3763524,-2.3270338,-0.96489656,-0.7516612,-0.6644763,1.3014667,-0.79552424,0.046840534,-0.8241722,-0.8580599,1.4664104,1.4130001,2.0833092,-0.95083517,-0.18301755,-0.07109266,-2.654732,-0.17772272,-1.8430995,2.3010035,0.568649,-1.302064,-0.19053999,-0.3104402,-1.6463581,-1.4782481,1.0337759,0.53625697,0.9371939,-0.049220026,-0.20798028,-0.26459348,1.9357619,0.8196662,0.23950993,-1.051866,-1.6141042,-0.46590012,-0.12343113,-1.3407918,-1.7132679,-0.58633476,1.2876298,0.3416556,0.5782594,1.0728066,-1.523732,-0.81586707,0.9907043,-0.5559192,-0.6475544,0.51727676,-0.24122572,-0.11870372,-1.5397246,-0.774927,0.31853762,0.053251453,0.78407604,-0.9634994,0.50203806,0.21352972,0.08203837,3.2517157,-0.23080319,0.4748669,-0.09723943,-0.22300321,0.90183234,-1.4284645,2.0700712,-0.065074936,0.060705233,0.15710697,-2.8456013,-0.18112087,-1.6506658,0.6953657,0.18910311,-0.09537113,0.4464736,-0.8301801,1.901855,0.6248199,1.5587003,-0.19629008,1.2064416,-2.776447,0.56469846,0.7425305,-0.35788876,-0.51220894,0.79559714,-0.6269562,0.36978346,1.2818856,-1.0201315,-1.1366296,-0.44204885,1.2857335,0.22147341,0.72646147,0.03385333,-0.719235,0.37266663,-0.6941935,2.4406264,mayki
32,-0.47085348,-0.5769769,0.94165754,0.37655762,0.7922082,-0.8239335,1.9030234,-0.66617846,-0.11895818,-0.6847691,-0.2591473,-1.2470812,0.84462804,-0.4906041,-0.16247022,1.1867586,-0.6129353,0.5738367,-0.21100232,0.22677334,0.9587399,0.5035293,-1.448379,-1.0031312,-0.6188994,-1.6573534,1.6758754,-0.85474735,-0.19456212,-0.1162348,-0.59401655,0.93477756,1.3529435,1.8586426,-0.9731038,-0.920631,-1.1776768,-1.6034117,-0.2933408,-1.8298366,1.7082626,-0.40498632,-0.5763838,0.4157896,-0.089653395,-2.091649,-2.0513306,0.903553,0.23423184,0.41356024,-0.21518354,0.5130613,-0.5090091,1.2307444,0.1636263,0.6280373,-0.46847495,-1.9817283,-1.2226609,-0.1625664,-1.3501838,-0.4364937,-0.33621815,1.9199731,-0.052197345,-0.13487251,0.36445686,-1.8584359,-1.3620996,0.71671236,-0.34859252,-0.633971,0.4176434,-0.6704204,0.7350954,-1.5918586,-0.27821505,-0.28554228,-0.48744142,0.24604757,-0.3190652,1.1537256,-0.049639307,-0.22684886,2.9127412,-0.37207645,0.1727569,-1.3384559,-0.513602,-0.036836874,-1.6128608,2.0194268,-0.20682369,0.8421666,0.54510796,-2.4601433,-0.4893921,-1.4025598,-0.31973943,-0.212109,0.253982,0.48850822,-0.6934216,1.5689209,1.0322311,1.5953951,-0.1702251,-0.44885108,-2.667921,0.1228033,0.701841,0.6280751,-0.7045455,0.83395696,-1.2205038,-0.016960938,0.98872995,-0.5251002,-2.5405142,-0.21729815,1.4222,0.64328265,1.2356497,0.010908944,-1.2477522,0.72821593,-0.8561695,2.1529016,mayki
33,0.17881624,0.096196756,1.0782049,1.4814589,1.2838975,-0.56616104,2.6869178,-1.0648191,-0.39118746,0.7737206,-0.87594604,-0.43999293,0.09316021,-0.88811874,-1.0273432,1.7525963,0.8628521,0.39721316,0.5508549,0.07766478,0.83221924,0.64016056,-1.145994,-1.3496978,-1.5615036,-0.6733824,0.5317745,-0.698558,-0.08859867,0.20057328,0.38053247,0.092616774,-0.31798005,1.1167489,0.18261789,-1.7515984,-0.012098923,-1.7529945,1.1549199,-2.4237561,-0.05292808,-0.46522057,-0.96111083,0.17663324,0.484319,-0.9917173,-1.6753051,0.4599625,-0.55127025,1.4680082,-0.4117989,0.14546558,-1.3224872,1.4427327,0.3777876,0.13064049,0.2478672,-1.406394,-0.10956748,-0.44801566,-2.0879874,-1.1353316,1.6388488,0.6540417,-0.7060957,0.5499457,0.13261446,-1.2090201,-1.6659656,1.4884539,0.11117446,-0.9258038,0.24261141,0.14294077,1.0020009,-0.41585675,-0.8255013,0.34469536,0.41346407,0.051161602,-0.24404573,0.6319355,-0.4503793,-1.7248445,1.2240207,-0.4329681,-0.81313264,-1.2415463,-1.0175704,0.35859847,-1.3998632,1.5001179,-0.8851885,-0.20174095,0.32243335,-2.8696263,-0.19311512,-0.7807433,0.20603478,-0.2951215,-0.75841814,1.4828256,-1.1659361,0.67824346,0.8819208,1.5874312,-0.07445897,-0.12062338,-2.6933122,0.050338328,0.37276965,1.420974,0.222889,-0.19988006,-0.774104,0.12500261,0.8260863,-0.9511515,-2.7708497,-0.39463675,0.91042787,-0.28302807,1.7785603,-0.4327426,-1.1441014,0.5261814,-0.43838808,0.5377841,mayki
34,0.15593398,-0.10204489,1.2805316,1.0526011,1.1721652,0.20020747,2.2405896,-0.88065034,0.17636636,-0.34834135,-0.42316648,-1.1235934,-0.44954407,-0.24213804,-1.4430904,0.2562858,0.49054226,0.99192214,0.527537,0.34497955,0.85769653,-0.021656714,-0.312589,-1.8849467,-1.4076769,-1.5316799,0.69491947,-1.1258639,-0.47369367,0.31589553,-0.33902422,0.65752196,0.024212949,0.43923873,-0.18722981,-1.6888839,-0.5612458,-0.43673676,2.0703003,-2.2595494,0.45553374,-0.75912344,-1.0297658,-0.4332216,0.22418258,-0.7622055,-2.5055544,0.51566625,-0.7134387,1.6441289,-0.69709903,0.68118954,-0.019900784,1.3586645,0.51487345,0.7608307,-0.3599364,-2.0434995,-0.7329679,-0.5644889,-1.2715791,-0.67271864,1.6292857,1.177233,-0.68332297,1.1143817,0.33166963,-0.9557214,-1.243398,1.8452921,-0.7428274,-0.028306097,0.011291882,-0.17966613,-0.020001225,-0.6263404,-1.2566564,-0.65398544,-0.16717446,0.18745281,0.47175023,0.6909772,-0.14294697,-0.12710789,2.350906,-0.40658572,0.07275024,-1.850763,-1.836451,-0.11326714,-0.7972352,1.8455223,-1.0427608,0.62335306,-0.5977518,-2.3393178,0.048153657,-0.8645789,-0.81528133,-1.1887659,-1.3936658,0.91380614,-0.34305626,1.0583894,0.8268628,1.5852662,-0.39418218,-0.59903467,-2.477401,0.13800581,1.056526,0.6479539,-0.3390033,0.52608776,-1.4966316,0.289514,-0.009792287,-0.13312331,-2.6262536,-0.34722286,0.31809342,0.73015976,2.059207,-0.3404591,-1.7077111,0.5263931,-0.914404,0.7696479,mayki
35,-0.15047783,-0.027993765,0.5759315,1.5244039,1.2041432,-0.38029024,1.6283731,-0.60724485,0.22450987,-0.17929162,0.2538204,-1.4322828,-0.55982715,-0.73919785,-0.83407617,0.70365,0.7304121,1.2316225,-0.032964215,0.53713274,0.83844304,0.047441646,-0.677954,-1.2480663,0.1371723,-1.4966382,1.550032,-0.9675571,0.6134572,0.08685865,-0.53402984,0.7167537,0.5682472,0.90819854,-0.7170945,-1.5288949,-0.78350306,-0.16578981,0.15293524,-2.0752068,0.5359135,-0.5368944,-0.5085101,0.9097812,0.53324234,-1.0857464,-2.4415581,0.7654549,0.33670086,0.8757037,-0.08230141,0.8122615,0.14746633,1.8676449,0.14342576,0.944975,-0.11796869,-2.3351083,-0.9149579,0.13354862,-1.0728201,0.31530225,0.87885034,1.5440602,-0.15937611,0.9903376,0.10946848,-1.5099161,-1.2858791,0.9424,-0.90107954,-0.7682296,-0.5238248,-0.33178347,0.52577716,-1.174481,-0.49333927,-0.34500772,-0.36682034,0.57130426,0.22177935,1.2602152,-0.13361114,-0.1320255,2.354231,0.24855411,-0.25531432,-1.7709628,-1.2102449,-0.62958574,-1.101804,2.2206104,-0.21839379,0.72784096,-0.04032582,-2.501866,-0.0680639,-1.8324214,-0.9387022,-0.6742296,-0.94058627,0.4829815,-0.23184553,1.627113,1.1454661,1.6503094,-0.8251802,-0.5247916,-2.3060684,0.23480104,0.57290196,0.1863513,-0.75264037,0.7836295,-1.8037645,-0.13427137,-0.3813508,-0.29039973,-2.3469167,-0.2156888,1.14888,0.47994712,1.369108,-0.31699005,-1.452151,0.9964799,-0.3168106,1.218134,mayki
36,-0.14004377,0.6475048,0.6596322,0.97821105,0.6809625,-0.3218134,2.4071844,-1.3016745,-0.93015563,-0.83113736,0.30631357,-1.175294,1.2421094,-1.0283246,0.29237908,1.8484668,0.4949524,0.7658597,0.043758415,1.7849815,0.8415613,1.6527812,-1.7227917,-0.9420574,-0.7357589,-0.7709962,2.049457,-0.12610346,0.2799732,0.14417192,-1.0454301,1.8698523,0.30963615,1.6329938,-0.016083557,-1.602627,-1.0025355,-1.0891192,-0.18066052,-0.75778687,0.31406838,-0.06378212,-0.52469623,0.36573058,1.166312,-1.9734868,-1.5490152,0.7459866,1.5365824,0.5192891,-0.09813392,-0.05828097,-0.3734403,1.784161,-0.048185427,-0.5214315,-0.13563003,-1.0421898,-1.2046391,-0.33874846,-1.4167416,0.624156,0.24177612,1.6333692,-0.94738084,0.69717306,1.6545441,-1.7791581,-0.18061754,0.42525437,-0.7545168,-1.3016613,0.47080866,0.23164262,0.121874556,-1.112686,-0.3855738,-0.08907904,-0.117558464,0.6971307,0.09585009,1.2548772,-0.9135312,-0.075620405,2.3924026,1.0610825,0.87580454,-1.4531628,-0.9826845,-0.6468333,-0.6174894,2.8295074,0.17542695,-0.12635723,0.56135786,-1.7145882,-0.058900192,-2.2546256,-0.57066685,-0.08737062,-1.0483099,0.44985676,-0.7822833,1.4920626,0.94702715,0.9693022,-0.38291368,-0.040802523,-1.9454763,0.29548407,0.24149229,-0.56503266,-0.8269204,1.3909351,-1.9183964,0.4734775,-0.4545318,-0.27988258,-1.9352261,0.01245828,0.45070916,1.3583406,1.1337006,-1.161914,-0.46963555,1.333995,-0.3354407,0.5372391,mayki
37,0.12562151,0.33226922,1.5863978,0.86250883,1.0339714,0.51685,2.6132777,-1.8730464,-1.0831314,1.2361164,0.2892118,-0.91400325,0.4925863,-1.9575664,-0.13301912,2.156972,1.0402524,-0.014689326,0.706046,0.7595855,1.2005714,0.22515851,-1.3668293,-1.5142992,-1.7366138,-0.09706881,2.4230006,0.20814896,-1.6629149,1.2983663,-0.69319904,1.4652052,-0.65160155,0.026175134,1.1661417,-0.3459799,-1.1893226,-1.457002,1.6025183,-0.19948943,0.4135223,-0.7756419,-1.2483791,0.06389141,1.6416162,-1.3039794,-1.5249748,1.080444,0.7579734,0.6041045,-0.20464917,0.12958255,-0.42768428,1.7672913,0.6010838,-0.81293696,-0.25204447,-1.1879492,-0.93763286,-1.4927229,-1.5577633,-1.2291863,1.7991687,-0.10727829,-1.001924,0.53398025,0.8670122,-1.5753248,-0.806141,2.1146822,-0.14898922,-0.9908993,1.353921,0.40987825,0.59366095,-0.769608,-0.75572073,1.2826096,0.09817246,1.4063975,-0.35795105,0.17998506,-0.33000022,-0.42902365,1.8325264,1.1152756,0.4151954,-1.84217,-0.88239574,0.2674856,-0.52474326,2.5591297,0.21177381,0.7772116,0.4713221,-1.2827873,0.2945526,-1.2451824,-1.4768364,0.17184171,-1.0364068,1.3660213,-0.9457538,0.2086531,0.44239736,0.51803356,-0.7928447,1.3656809,-1.476152,0.9880491,0.17326324,0.17633241,-0.04779435,0.56394786,-1.2821352,1.2595303,0.006114466,-0.37583873,-2.2161927,-1.3332028,0.376571,-0.12714171,1.7666717,-1.5856434,-0.652403,0.5883578,-0.35092336,0.0031891912,mayki
38,-0.060154185,1.4231888,1.1718104,0.29517514,1.3192511,1.5401742,0.7977051,-2.2055113,1.0226021,-0.58053035,0.46223342,-0.19453846,0.087135136,-1.7990024,-0.5279864,0.4303143,-0.115348294,1.7761923,-0.5092054,-0.2700046,1.209436,-0.13041866,-1.3162653,-1.8679329,0.4820586,-0.99885446,-0.022192448,0.26149154,-0.24620365,-0.26689965,0.12219457,0.37547448,-0.5963723,-0.9469224,1.4666797,-1.3322054,-0.2326562,-1.275741,0.41891617,-0.07916449,2.4395642,-1.0127198,0.0835562,1.5253735,1.0974622,-0.7732472,-0.8243019,-0.12326789,1.1697232,0.4037062,-1.3820273,-0.31703955,-0.09942185,1.2405668,0.49877912,0.62217015,0.29236966,-2.3481495,-0.34682107,-0.5310164,0.6056619,-1.0567299,1.6778268,0.25949818,-1.185223,2.028038,0.124669984,-0.74629885,1.2839361,-0.7039162,-1.7165049,0.40324572,-1.5979452,-0.04835591,-0.5999462,-1.1115164,-0.033074655,0.3362653,0.04501394,1.3706065,0.099644445,-0.09067382,1.2088422,0.6768536,2.4616876,-0.9249172,0.3908459,-1.157401,-0.99396,0.9072668,-1.4615909,-0.46430984,0.28743348,0.18772295,-0.35851464,-0.98927003,-0.16835973,-1.1137264,-0.23765312,-0.1421958,-1.3470751,1.0957104,-0.11420581,1.4775218,-0.4460574,1.8842939,-1.5530331,1.3268313,-2.1015396,0.2177735,1.2762959,0.6708136,-0.027893342,-0.18061182,-1.3581924,1.6285466,0.72940016,-0.04079835,-1.4791107,-1.3188196,1.4553672,0.8291402,2.671522,-0.5325147,-1.4202406,-0.18615419,-1.4258498,0.49609044,mayki
39,0.60605717,-0.53803396,1.6426338,1.2125044,0.9836549,-0.12853953,1.6524439,-0.75824076,0.4227299,-1.1653678,0.08717302,-1.1211884,-0.31008232,-0.019778475,-1.5859643,1.2895751,0.39197817,1.1688166,0.06613536,0.7651353,0.76478326,0.41381693,-0.7391476,-1.2117414,-0.24071087,-1.7160966,0.36255085,-0.9921669,0.50574076,-1.1175683,-0.3446641,0.38831106,-0.020363716,1.5893083,-0.8264787,-0.3920835,-0.89263356,-1.3636174,-0.15041238,-1.5292563,0.9379888,-0.24033876,0.47832453,0.51284534,0.27258986,-1.0651317,-2.4571679,0.8478339,-0.1590197,0.95082724,-0.079258695,-0.5936059,-0.6477213,1.825765,0.3558707,0.36677706,-0.3505301,-1.7418447,-0.43183836,0.24397859,-1.2180887,0.010973245,1.4269109,1.9383944,-0.6414825,1.3431537,0.31394812,-1.5146765,-0.8687205,1.0693988,-1.0431728,-0.82925415,-0.17363116,0.075999394,0.5020723,-0.8546342,-0.8962318,0.008950975,0.40510744,0.60992974,0.5663789,0.8341615,-0.112872034,-0.8341433,1.9354544,-0.97409934,-0.12555121,-1.3034532,-0.6015316,0.073297784,-0.47973832,2.0244946,-0.60648835,0.03338476,-0.4480452,-2.169645,-0.6029609,-1.9302026,-0.05492346,0.13729867,-1.1359099,0.41184655,-0.73577404,1.7442106,1.3194942,1.1434703,-0.25468376,-0.24099725,-3.2257547,-0.79521626,1.742504,0.4232198,0.20127161,0.53931606,-1.241472,-0.15640841,0.88801336,0.15156947,-2.1772428,-0.83284485,0.5823265,-0.038784508,1.8386501,-0.29725626,-1.0410168,0.48803863,-0.67695415,0.6691689,mayki
40,0.082207836,-0.33756614,1.4318565,-0.16428712,0.08916154,0.39975947,1.3475254,-2.1751587,-1.1114929,1.0324763,-0.05971097,-0.21388897,-0.7689974,-0.9019958,-1.6270441,2.4956837,1.3062963,-0.34118813,1.0350671,-0.92357945,2.1027515,-0.845244,-1.0994262,-1.5086153,-0.7384098,-0.48872018,0.7280024,-0.6362874,0.69273937,1.2191564,-0.07933171,1.2631742,0.31599706,-0.11676488,0.71057755,-0.99067104,-1.0050263,0.34015056,2.3667889,-0.51180565,0.25729662,-0.24599983,-1.6135256,-0.05112182,0.4361387,-0.99843615,-2.301053,1.5057088,-0.046057623,0.7596303,-0.7155687,0.44144312,-0.80100477,1.4060959,1.020344,1.1927413,0.058653995,-1.576425,0.84284633,-0.56786114,-1.6195692,-2.2818685,1.5661823,-0.19171967,-1.4305129,0.9513233,0.2051251,-0.8221638,-1.249693,1.3590976,-1.2703608,-0.46307218,0.5442745,0.11918293,1.2628225,-0.9432639,-0.6315744,0.80900735,-0.5952904,-0.10331495,-0.41601068,-0.76236475,-1.5829407,-0.3980055,1.3710122,0.48529312,-0.5265455,-2.2760658,-1.9928857,0.9750312,0.018321574,1.6999487,0.85453993,-0.8864205,0.19147976,-0.85186017,0.58580285,-1.0421711,-1.4703672,-1.253712,-1.925627,0.7609067,-0.26680166,0.3356102,1.0469371,0.12063481,-0.7991705,0.80792296,-1.7911046,0.80774397,1.4876032,0.00095790625,0.16980189,0.10575237,-0.84892726,0.14465962,0.98759234,0.13911344,-2.7319102,-0.8113201,0.71872336,-0.6839229,2.255496,-0.63099134,-0.8788975,0.5363464,-0.9592183,0.4550439,mayki
41,0.38642558,0.108810976,1.6308535,1.2871581,0.93520385,1.1814446,1.7795455,-2.3858523,0.10645542,0.8332624,-0.18252131,-1.5896362,0.40630877,-2.100394,-0.19440761,1.2326423,-0.27302983,1.74548,0.32314712,-0.1403603,0.82776713,1.2203586,-0.762703,-0.65723485,-0.4461045,-0.00013142824,0.3702832,-0.94744885,-0.37711817,-0.084910385,0.90229106,0.0709288,-1.1444776,0.66804814,2.2144787,-0.38340238,-0.10678959,-0.2475003,0.95377576,-0.36221832,1.9685732,-0.49625167,0.76018906,-0.29816347,1.2742183,-0.1322497,-0.7025669,0.29610938,0.6789327,-0.014925905,-0.7898292,-0.44775668,-0.72622246,2.2982159,0.027473845,0.09837987,-0.6983815,-2.1561863,-0.64096504,-1.2871326,0.4084228,-0.7124404,1.0718696,0.23960523,-1.192268,1.6141435,0.8700124,-0.41984537,-0.07466814,1.6548674,0.007433091,-0.63584375,-0.10611993,-0.49843848,0.13322768,-0.9870097,-1.1808314,0.8009744,-0.79339117,1.4644457,0.6568571,-0.3776518,0.6883313,0.8080599,1.4319003,-0.3846233,0.7881871,-0.6544413,-1.0218843,-0.28987923,-1.0657046,0.49340513,0.43918696,0.5218572,0.30224928,-1.6509378,0.28278422,-0.37060356,1.1343932,0.7906832,-1.3779716,1.3267838,-1.1413268,1.4109093,0.3517013,2.220434,-1.3004802,1.5945084,-2.3977396,-0.26998776,0.8120588,0.10793134,-0.14327914,-0.54778636,-1.6315594,1.2986536,-0.2892227,-0.77298045,-2.4722025,-1.645465,0.85528636,-0.24441177,2.1692076,-0.8184474,-0.75102913,0.10776118,-0.92031544,0.57707417,mayki
42,-0.5207311,-0.45006636,1.0096636,0.90457904,0.19695723,0.9384395,2.1908422,-1.7290087,-0.55178267,0.5262039,0.3398589,-1.2660276,-1.9226017,0.110545486,-1.4051968,1.3953958,2.3810475,1.2274541,0.17823787,-0.495252,0.43493345,-0.41726843,-0.25148672,-1.3137714,0.069782615,-0.8081651,1.0838158,-1.3049562,0.80596006,1.0403479,0.31350392,1.1349009,0.5465635,0.40628192,0.8705014,-1.000914,-0.6401931,1.208484,1.0167949,-1.0793437,-0.05582642,-1.4160471,-0.47201255,1.4191825,1.4511781,-1.4559915,-1.6780123,0.1570457,0.57748395,0.7842417,0.20225045,-0.4455789,-0.43512735,0.7198521,0.1151903,1.4728647,-1.2318509,-0.9713268,0.20132454,-0.91150475,-1.857557,-0.49077153,0.951372,0.106731415,-0.71529025,1.8532233,-0.2538955,0.44620824,-0.042171422,1.4456521,-1.0614712,-0.96662676,0.61160344,-0.6471367,0.010819455,-0.72752655,-0.35284182,-1.2389407,-1.0951113,0.8025828,0.1991567,0.62086916,-0.9608644,0.7468211,1.2344425,0.8836995,0.5762526,-2.0864213,-2.047721,0.48815155,-0.16188508,1.410683,-0.21162674,-0.68162656,-1.1750975,-1.3806809,0.5358255,-1.1050899,-1.1058087,0.22157432,-2.7990859,0.9423279,0.032045007,0.992968,0.13822374,0.4453119,-0.56097263,-0.28648287,-1.5592169,0.063022085,0.48000428,0.5756224,0.3190212,0.348193,-1.2227284,-0.47496274,0.8313365,0.031807557,-2.1553915,-0.9457027,1.2060436,0.30763063,2.44275,-0.054092146,-1.5576743,0.7647244,-0.32582042,1.0270052,mayki
43,0.05915114,-0.46954215,1.1699383,-0.98028946,-1.1067051,1.3887205,1.3689111,-0.04628319,-1.4831635,1.0937419,-0.17490113,-0.41977435,-1.3988259,0.9388733,-1.1845306,1.4104736,1.9803988,0.48134685,0.7667184,-0.12764671,-0.12996869,-0.49088985,0.0976265,-0.65391,-0.47892395,-0.45897663,0.17127717,-0.64872956,-0.13159654,0.95016325,0.29402447,0.83609694,0.9166197,0.5223005,0.65438545,-0.85785085,0.10014421,0.8663464,2.488455,0.2882842,-0.98659617,-0.103152245,-1.0935774,0.53833044,0.5722146,-1.0328757,-1.4151652,1.1421169,0.16173355,1.2135314,-0.22140022,0.75284785,0.13812533,0.47099605,1.2504946,0.46535182,-0.8077164,0.419242,0.61163056,-1.015034,-0.93392926,-1.4524356,1.5209177,0.47422996,0.07694945,1.3865578,-0.43809134,1.3427726,0.18746188,0.92160547,-1.9643707,0.33009538,0.8247889,-0.92534596,-0.2516432,-0.3495891,-1.6123067,-1.4157683,-0.13698956,0.8826086,-0.62772924,-0.0035861693,-0.8528688,1.092514,0.73305416,0.8168676,-0.3943585,-1.2094617,-1.7941201,1.2314906,0.21695404,1.0251365,-0.9574868,-0.24293014,-0.41053498,-0.505234,0.50134355,-1.2092664,-1.2662613,-0.18223211,-1.2993585,1.1799688,-1.1101997,1.0519259,-1.5932008,0.095402166,-1.6075822,-0.52454746,-0.8956501,0.025518203,0.5696974,0.13409287,0.8494687,0.32310987,-0.4055686,-0.34387976,0.51222575,-0.9505478,-0.45538703,-0.97136444,0.20871775,0.3265026,1.0027874,-1.654178,-1.8622946,-0.043995306,0.66063756,-0.47274417,mayki
44,-0.4852992,1.6317388,0.5729162,1.2879077,0.7137054,0.15484777,2.8101182,-1.2210993,-0.6404841,-0.14951223,0.25097716,-0.89075947,0.39901996,-0.763981,0.47870082,1.8457441,-0.34922552,0.6210802,0.24169844,1.1891539,0.85320127,1.1470234,-1.7541008,-0.8973122,-0.92760307,-0.55656284,1.5830033,-1.3347046,-0.18156336,0.31828856,0.13494547,1.0544274,0.25853354,1.6496547,1.407346,-1.8826491,-0.84411794,-1.2608707,1.0377972,-0.78346896,0.3513215,-0.17019933,-1.3555044,0.08881366,0.6119063,-1.1982721,-1.6925278,0.10664778,1.1336243,0.53834033,-0.75458956,0.5930115,0.4432727,1.6328276,0.41993278,-0.16581008,0.1645053,-1.8346215,-0.11331245,-0.50749904,-0.487381,0.98516077,0.36949584,0.4877926,-0.57927144,-0.005018249,1.2205893,-1.4604759,-0.5843592,1.3428516,-0.07588446,-1.703615,0.19006142,-0.22671668,0.34439966,-0.87312263,-0.2984956,0.4923319,-0.09525978,0.30165082,1.4025307,0.2809261,-1.1313732,-0.5886661,2.6406827,0.6200545,-0.19587862,-0.9008403,-1.5494925,-0.43597478,-1.3764203,2.289196,-0.48389402,-0.4681144,0.056095354,-1.465247,0.17132653,-1.5544538,0.3567978,0.42433298,-2.2387795,0.8603473,-1.4540231,1.4557092,1.6334579,1.1587888,-0.17603876,1.1559081,-2.492092,0.2508595,0.33351392,-0.24762763,-0.706215,0.06776825,-2.3333907,0.95979106,-0.34335792,-0.6794107,-1.717249,0.17018849,1.0255958,-0.08679774,0.97034454,-1.192805,-0.029375516,0.77456254,-0.75202,0.714079,mayki
45,-0.30821025,-0.14321743,1.0210773,-0.0070190653,0.58107674,-0.4821386,1.44462,-0.57464933,-0.15468645,-0.7852556,0.24392557,-0.73033214,1.2325331,-0.49292457,0.1291359,1.1295702,0.0022862703,0.040067762,-0.21658862,0.2939865,0.8508004,-0.035258558,-1.2580838,-1.4450893,-0.99061364,-2.0696297,1.7636889,-0.58686376,-0.36529332,0.44477367,-1.4505428,0.9538316,0.53187084,1.534104,-0.8662359,-1.034455,-1.297422,-1.0259659,-0.44166487,-1.2544118,1.7221181,-0.22234875,-0.92027235,0.7690716,0.20219082,-2.562428,-1.244888,0.82212615,1.2260152,0.08873461,-0.57100064,0.769174,-0.4902319,1.0116801,-0.033908706,-0.2548509,0.3108744,-1.5410916,-1.2172399,0.31564304,-0.93434185,-0.1360865,-0.061133116,1.8280311,0.10866323,0.085771605,0.73389894,-1.6997044,-1.4547079,0.72398233,-0.82131416,-0.09544182,0.17006508,-0.4249214,1.3339436,-1.2812207,-0.35036302,0.022017645,-0.56279707,-0.05518818,-0.69565606,1.1426766,-0.2281716,-0.62871516,2.228464,0.3149518,-0.10655446,-2.0227296,-0.9948615,-0.45791024,-0.93952423,2.1572483,0.24586436,0.19572833,0.97778577,-1.3160108,-0.598891,-1.2320771,-0.88189393,-0.3361708,0.27863097,0.27079332,-1.1185448,1.4299724,1.3493525,1.7785532,-0.74935275,-0.30647182,-2.0963676,0.45812684,0.20008369,0.40990466,-0.9179599,0.8717188,-1.8395112,0.038408294,0.016997654,-0.8673032,-2.4545782,-0.041621335,0.95476896,0.49114928,1.0138123,-0.79998213,-0.8478805,0.6292552,-0.8698258,1.2338252,mayki
46,-0.11013752,0.55251706,1.1516405,0.40378717,0.04141995,-0.64056486,2.0840013,-0.537813,-0.856628,-1.1409768,-0.5859114,-1.3348835,0.6170922,-0.5686413,-0.81050825,1.1292224,-0.68449855,0.1780962,0.2267904,0.8911392,0.9818466,1.3462806,-1.41376,-1.2777541,-1.6493301,-1.2470536,-0.099411026,-0.9103498,0.020160265,-0.7937106,-0.55275595,0.6065812,0.5293481,1.6155277,-0.4843869,-1.3094624,-0.16071568,-1.8021878,0.42177033,-1.8817836,0.62002516,0.18644889,-0.9661169,-0.0912501,0.3849464,-1.7485493,-1.380222,1.8335007,0.2312599,1.2570306,-0.44676661,0.79947793,-1.1834967,1.391995,0.016860157,0.17771733,0.04053273,-0.8839183,-0.88369876,0.3910581,-1.5725492,-1.1563792,0.36150074,1.7502105,-0.6482902,0.7196795,1.0213115,-1.3275255,-0.86749524,0.6049813,-0.7144586,-1.1657838,-0.21802491,-0.31919083,0.34441072,-1.0086641,-1.6435201,-0.17396197,-0.2312223,-0.026487783,0.28952372,0.7994001,0.010152277,-0.67290753,2.0854852,-0.17796037,-0.36436138,-0.68101305,-0.9374579,-0.14122991,-1.0206232,1.5773283,0.09493159,-0.08177362,0.19908401,-1.7514569,-0.78226566,-1.5775958,0.26233292,-0.077668324,-0.6522782,0.27218765,-1.1281533,1.8710054,0.2551363,0.79394084,0.03101864,0.3744528,-2.5783832,0.1199068,0.1473835,-0.30884868,-0.08645384,1.0997288,-1.4745877,-0.25180274,1.0719452,-1.238914,-2.4005558,-0.14128575,0.73787034,0.33959737,0.62365526,-0.62466264,-1.0619434,0.60746807,-0.87678766,1.0295622,mayki
47,-0.112825304,-0.052888088,1.349204,0.30223855,0.085773334,-0.64745814,1.7157664,-0.5426206,-0.12638064,-1.2450155,-0.103600875,-1.0723041,0.60521704,-0.47233656,-0.6478281,0.64425325,-0.08534573,0.98154676,0.5039065,0.63267183,0.61996305,0.7004028,-1.6274265,-1.4072983,-0.6653863,-1.4763706,0.5105549,-1.0560423,0.6172132,-1.1160129,-0.4511486,0.60346305,0.77530426,1.7517105,-0.81397134,-0.79476947,-0.48853776,-1.7244713,-0.4129632,-1.8320706,1.4308628,-0.2464887,-0.5446583,0.70531,0.27466667,-1.7931571,-1.9417098,1.0799372,0.3951792,0.2851137,-0.20048119,0.6364465,-1.2786882,1.8070056,-0.23071623,0.39192563,-0.52261925,-1.2178004,-0.7288444,-0.30378225,-1.1109865,-0.9238396,0.60538524,1.7171067,-0.37605935,0.9350262,0.7822298,-1.8679798,-1.1137803,0.4129143,-0.91458535,-1.3575222,0.07456089,-0.888121,0.46017572,-1.4524575,-0.75928247,-0.3230857,-0.356348,0.37155247,0.3101482,1.0994962,-0.24797925,-0.7072879,1.8646168,-0.5729643,-0.6889661,-1.1327655,-0.62681997,0.2010242,-1.4284128,1.3187679,-0.4240965,-0.17597386,-0.1722718,-2.2562008,-0.46700883,-1.9884853,0.53868157,0.33289808,-0.63183296,0.9438444,-0.25231647,2.4429538,0.61223274,2.492921,-0.12898761,0.13844472,-2.7264037,-0.31816804,0.54444426,0.40168172,-0.39171255,0.5133023,-0.9381791,-0.19254264,0.78282094,-1.3489394,-2.1780958,-0.75282294,0.5335692,0.558895,1.0943916,-0.23078094,-0.9887767,0.9975535,-0.5977701,1.6136271,mayki
48,0.0975292,0.25369823,1.1118017,0.23051324,-0.5654713,-0.070497006,2.3367655,-0.41854244,-0.8854119,-1.1599462,-0.9869146,-1.2613543,1.4443382,-0.9619645,0.66295135,1.220017,-0.6712669,0.27629024,0.29696554,0.5374289,1.2424296,0.89266986,-1.854336,-1.321724,-1.2513407,-1.5058298,-0.3165211,-0.48740077,-0.45951486,-0.8173458,-0.94135916,0.7335479,0.6634174,1.8822799,-0.034961425,-1.501681,-0.8480978,-1.8159242,0.10393226,-1.3423078,1.175306,0.8367939,-0.86372256,0.09735489,-0.11699033,-2.0369656,-0.4953953,1.616596,0.13549018,0.8304659,-0.31817514,0.328775,-1.6544132,1.2912173,0.63041097,0.25000575,0.16943744,-1.0081474,-1.3165673,0.6027562,-1.2096043,-1.5976114,0.26859006,0.93812627,-0.40365732,-0.52570176,0.5074492,-1.3254371,-1.0499516,-0.15787189,-0.7446911,-0.8085331,-0.14113778,-1.0224069,0.75726116,-0.7765738,-1.6920017,-0.15456846,-0.5623181,0.49581552,0.25526896,0.19996297,-0.2736322,-0.8111837,2.421963,-0.6669833,0.4449308,-0.79340917,-0.29358783,0.15370126,-1.2772362,1.3991604,0.118733585,0.0683812,-0.010200284,-1.476115,-1.0458472,-1.7030708,0.31246838,0.36799937,0.45463824,0.44534367,-1.5206426,1.5782926,0.72159463,0.1348295,-0.70571506,-0.15400879,-2.064397,0.46659273,0.057126485,-0.2921154,-0.6472373,0.6300162,-1.8342113,-0.9141964,0.8220066,-0.97194374,-1.7512044,-0.2634144,0.83360267,0.54011667,0.48228526,0.18054192,-1.06262,0.9938603,-1.7240958,1.3870745,mayki
49,-0.82019806,1.8268945,0.5414102,0.26927108,-0.48885077,0.20798196,1.7486941,-1.1331838,-1.7441572,-0.53857946,-0.8659086,0.6992008,0.59369653,-0.9560487,1.2372535,1.2108915,-0.6748558,0.91906935,0.9839603,0.39500412,-0.31720287,1.0818151,-1.5534481,-0.8004934,-0.14151151,-0.76350164,1.1732732,-0.8614179,-0.074453205,0.30765006,-0.78191674,0.79068196,0.7350296,1.996841,1.4175328,-1.2705743,-0.066412896,-1.4400662,-0.2255525,-0.12072623,1.3712927,0.15871657,-2.8472006,1.4968392,0.6642799,-1.9518821,-0.69962096,1.0337814,2.3683937,0.7479876,-1.1573486,0.5243942,1.1560183,1.7794617,0.3511769,0.26780847,-0.29450682,-1.6276106,0.29268798,0.29592958,-0.31650296,-0.82033765,-0.76925385,-0.1338459,0.6719757,0.34488815,1.1131252,-0.6026349,-0.18348312,1.1951647,-0.8328855,-0.58243704,0.09077284,-0.2542793,0.41653383,-2.0770917,0.08732028,0.42411357,-0.40545416,0.91918564,-0.2023285,0.10680737,-0.62838453,0.18746057,3.0624452,0.94567513,0.07594594,-0.9628925,-1.2247592,1.0478715,-1.5099142,1.4384513,-0.97832423,-2.0894194,0.091443755,-1.2051076,0.8222818,-1.9041635,1.1131735,1.113888,-1.5780038,1.1940472,-1.399762,2.5174005,0.42210764,1.9309744,-0.6924864,1.3758078,-1.299095,-0.36458072,-0.6373584,-0.29338998,-1.158257,0.20860323,-1.0665073,0.4833705,0.2613769,-1.2447711,0.09555299,-0.3067403,2.281425,-0.77873325,-0.0636409,-1.5128868,-0.35788727,0.53293675,-0.49352252,1.773376,mayki
50,0.115714125,1.5161265,0.9670533,0.46009836,0.68935955,-0.23043264,2.2986703,-1.5151467,-0.18756753,-0.3478831,-0.4848246,0.049761377,1.194655,-0.75712776,0.8292794,1.0708944,-0.33396354,0.23811238,0.57571703,0.295523,0.006430812,1.1567149,-1.5851213,-0.61450726,-0.6638583,-1.5876523,2.0352383,-1.1367313,-0.17839043,0.44855106,-1.2392392,0.9231205,-0.36494595,2.7213638,0.51062757,-1.5189798,-0.8885363,-1.3056884,0.29826877,-0.7930099,2.1133788,0.42755753,-1.2392423,1.8303092,-0.07523376,-1.2176765,-0.59412706,-0.89900947,1.5280526,0.6448555,-1.2703516,0.11170049,0.086593784,0.79113144,-0.4101848,-0.59436727,0.113971606,-1.471253,-1.5834819,-0.607122,-0.40896082,-0.3341685,-0.8752797,0.6556254,-0.20538372,0.68487823,0.8094322,-1.828368,0.23024705,0.25424686,-0.09341658,-0.39430007,0.23269002,0.084059626,0.65784764,-1.0423235,0.33136973,0.26442772,-0.029999953,0.5288932,-0.05379723,0.85876775,0.54592067,0.077413015,2.7135835,0.26423967,1.607918,-1.4378015,-1.6568335,0.9233458,-2.019942,2.0155392,-0.5266446,-0.21855739,1.1465828,-1.6676059,-0.21882297,-1.2258651,-0.21859576,0.3368111,-1.3600744,1.2085199,-1.7568809,1.8086758,1.200889,2.1558616,-0.7509297,1.0638062,-2.8752704,-0.91684914,0.86547637,0.2891962,-1.0169196,0.5732788,-1.7756457,1.6762664,-0.10525718,-0.89319813,-1.1159842,-0.18938637,1.2459332,0.17392041,0.3651042,-0.9010001,-0.841604,0.09322766,-1.4838692,0.99557614,mayki
51,0.025498088,-0.4661289,1.0820428,0.83314747,0.52763444,-0.5472332,2.3633032,-0.65068346,-1.2348626,0.78644574,-0.42325947,-0.8600932,0.58543146,-1.2362251,-0.6697738,2.140313,0.3859457,-0.29464433,0.47799575,-0.4515783,0.6292206,0.1341648,-0.4961483,-1.170976,-1.3817171,-0.90159994,1.6944215,-0.11121233,-0.24452622,0.17326069,-1.1273817,1.2074877,-0.0041529527,1.5534394,-0.25496444,-1.7800859,-0.6869835,-1.0801442,0.24860191,-2.1448753,0.39669785,0.011930725,-0.44829705,0.8897575,0.52414143,-1.5381343,-1.0347801,1.0296307,0.27359557,0.8659097,-0.06479654,0.8939381,-0.9795444,1.7864221,0.43492842,0.01555009,-0.25879025,-0.62030274,-1.0675085,-0.052442074,-1.681903,-0.9184496,0.9760716,1.8011693,-0.19249031,0.40592462,0.14209722,-1.1223868,-1.3997833,1.2481724,-0.5867807,-0.8192531,0.27940002,0.32904077,1.2105889,-0.57417625,-1.506271,0.752049,0.21494424,-0.26062083,-0.18937254,1.2959117,-0.32564825,-1.1335148,0.95829606,-0.4077267,-0.1744712,-1.9502541,-1.4115822,-0.58458996,-1.1703789,1.5697641,0.122078285,0.053234275,1.4392897,-1.7529569,-0.7246949,-1.3474957,-0.5720115,-0.34140214,-0.6564517,0.5603808,-1.6124492,1.5091444,0.54386836,1.2264493,-0.8604475,0.0153167695,-2.4353495,0.14099367,-0.10939005,0.65330017,0.019898191,0.84795064,-1.658061,0.41234082,0.24406874,-1.5257487,-3.1115956,-0.63672173,0.8781385,-0.5171902,1.4515952,-0.16237526,-0.9017221,0.5799947,0.09865627,0.41298974,mayki
52,0.21368141,0.3182951,1.097518,0.52876073,1.0262073,-0.117274314,2.627525,-1.0233268,-0.0456154,-0.9758322,0.030720688,-0.9384541,1.406117,-0.57408845,-0.15931466,1.031154,-0.42965516,0.12731422,0.05768052,0.9470695,0.4156132,1.1751523,-1.8536756,-1.2286066,-1.2350194,-1.5503231,1.2000988,-0.9275818,-0.28986853,0.31565106,-0.32196072,0.37556845,0.10285058,2.0424874,-0.39049605,-1.5375335,-0.797774,-1.4087029,0.78279287,-1.4787887,1.397035,-0.25026718,-0.7684605,0.5047796,-0.17847618,-1.9938544,-1.5909259,0.31308153,0.33594304,0.5846679,-0.3876747,0.5175661,-0.41225815,1.0359824,-0.22128645,-0.24842894,0.10121055,-2.13685,-0.8363009,-0.2888814,-1.1153369,-0.029603295,0.18336058,0.98471814,-0.74756646,0.42698753,0.64479375,-2.236681,-1.52069,0.63786364,-0.43202317,-1.0358518,0.6191139,-0.9731589,0.49468803,-0.37989095,-0.51948965,0.12088063,-0.032067202,0.34432042,0.11553355,1.0850638,-0.3678577,-0.3019205,2.6966858,-0.34209618,0.4253711,-0.86198133,-0.31731248,0.293079,-1.3912126,1.9631363,-0.70545983,0.16279417,0.66081935,-1.9042248,-0.14419301,-1.9043564,-0.10410789,-0.28630763,0.14304449,0.39372468,-1.1096473,1.561295,1.3803735,2.3004618,0.14998892,0.053211235,-2.3845675,-0.15710762,1.2301886,0.29922813,-0.75655615,0.37654278,-1.3096654,0.107813135,-0.25046617,-0.547708,-2.0279005,-0.55024517,0.85581845,0.7214178,0.95327604,-0.34621167,-0.7485593,0.43137577,-1.1557949,0.67886746,mayki
53,0.5277833,0.036169693,1.1142882,1.3602576,1.417016,-0.09731723,2.7112825,-0.7947293,0.21872625,0.29930407,-0.9123928,-0.8505076,0.28971714,-0.6104069,-0.9217688,0.40270984,0.23433197,0.9582095,1.2050649,0.14614683,0.48181835,0.4930078,-1.0599042,-1.5866998,-1.1520379,-0.7593619,0.6836101,-1.5623236,-0.20188905,-0.26981753,0.055181608,0.27191398,0.093720086,0.7070972,-0.029070307,-1.9849304,0.5926568,-1.1494118,1.209626,-2.4573908,1.0094689,-0.19789267,-0.42408642,-0.19161946,0.1698757,-0.7668378,-2.3069956,0.7755215,-0.33448714,1.2551489,-0.3634106,0.38740134,-1.0765637,1.7656192,-0.11594625,0.166575,0.5416901,-1.699322,-0.29311818,-0.8710346,-1.2084616,-0.8488919,1.3772969,1.3946636,-0.6959201,0.8279036,0.42330584,-1.6468619,-1.6304908,1.6210856,0.024674926,-1.0939381,-0.017998982,0.044147745,0.70980024,-1.1972729,-0.5775052,0.23933828,-0.24356246,0.37318605,-0.003126856,0.8243066,-0.10154708,-1.4508604,1.3780099,-0.446111,-0.15140902,-1.2670497,-1.3506868,0.22450554,-1.943843,1.4576366,-0.8520182,-0.04210125,-0.09663358,-2.977842,0.15667464,-1.1016793,-0.21770674,-0.40909314,-1.2995026,1.1281029,-0.49690777,1.1426107,0.8409433,2.421618,-0.24169633,-0.40491432,-2.233302,0.3127879,0.3429838,0.74201953,-0.42482656,0.21760821,-1.2869751,0.09514657,0.017523557,-1.0587182,-2.3131807,-0.64887476,0.17565782,0.0025227033,1.6923437,0.08767179,-1.127823,0.82071817,-0.45625427,1.2014711,mayki
54,0.5264624,-0.21710722,2.3196678,0.6424892,1.0957206,0.64654833,1.4357597,-1.606517,-0.14472494,1.7175331,-1.1595308,-1.1918336,0.12562074,-1.3094174,-1.3521079,2.9081519,0.8537985,-0.91943216,1.3286523,-1.22197,1.3942225,2.1186497,-1.3337498,0.36563286,-1.4218171,-0.4327536,0.68330204,-0.13205884,0.3182606,0.23510592,0.6178708,-0.12799846,-0.4314129,1.4013821,0.99114764,-0.6176733,0.5007289,-1.90511,0.65672886,-0.63513815,-0.43555284,-0.80089116,-0.38713443,-0.0056323037,-0.57581526,0.48118258,-0.9497049,0.66626215,-1.1602379,1.0994923,-1.2177154,-0.81610084,-2.072721,2.4428227,0.080377385,-0.2217767,0.1774116,-1.1907064,-0.5375889,-2.0371828,-2.7149563,-1.8574471,1.6411043,1.2899098,-1.7635478,1.0280375,0.17566307,-0.74109876,-1.4141526,0.5249845,0.24296956,-1.7683885,1.9932317,0.45829868,0.60315967,0.7524013,-0.51215875,1.7068312,0.39397073,1.0271298,-0.97298133,-0.68601406,-0.78556406,-0.6512053,1.103176,-1.2035418,0.6108208,-0.5509111,-0.6653644,1.3586332,-0.04068408,1.1038895,0.3130249,-1.0510734,1.5665156,-1.4669365,-0.5097438,-0.185499,-0.12377983,-0.73510605,-0.79144454,1.7931124,-1.2172067,0.46270326,0.7500121,0.7344876,-0.96811086,0.8696364,-1.4701066,-1.4745957,1.3237323,-0.8298869,0.68615925,0.6386611,-0.6365036,0.4983789,1.77476,-0.74768716,-2.1457644,-0.6937148,-0.27227098,-1.0938475,1.1066458,-0.30689183,0.53308976,0.18038723,0.43606934,0.6130742,mayki
55,0.6718532,0.78529155,1.376698,0.15861392,0.48295608,0.45954424,0.6321528,-0.9990303,0.46012604,-0.62786466,-0.06069901,-0.054428257,-0.32650596,-0.3852594,-0.6943228,1.8872445,1.4681673,0.027310327,0.866615,0.25800464,-0.0040034056,0.810517,-1.3465666,-0.53715533,-1.0328305,-1.2062936,0.004109977,-0.7150067,0.3625874,0.11813099,0.09851986,0.47901037,0.23123035,0.4930879,0.024764566,-0.43731663,-0.9688579,-0.23761657,0.98722154,-0.3405599,0.27761695,-0.8120755,-0.7243328,0.42907017,0.30620363,-1.0192769,-1.725499,0.3168319,0.10247016,1.6178304,0.24051864,-0.61054415,-0.6519247,0.8228789,0.451137,-0.09944887,-0.41999242,-1.9363697,-0.07909193,-0.49056065,-1.6290005,-1.3807468,1.3271737,0.44246665,-0.66871464,0.45350218,0.095052734,-1.2116779,-0.8392179,0.7209742,-1.25368,-1.6151937,0.7532965,-0.1906891,0.41608977,-0.4204634,-0.85006976,-0.028915536,0.040146954,-0.033972673,0.72372156,0.0233884,-0.8576884,0.12787388,1.5541863,-0.5515094,0.5980116,-1.240939,-1.9503144,0.9724751,0.025243439,1.3686005,-0.108985186,-1.8480746,-0.43191665,-1.4837433,0.038065255,-0.6121466,-1.3292291,-0.31616333,-1.9493598,0.7756812,-0.7218423,1.069788,0.65915585,0.22217058,-0.48878416,0.8157153,-2.0273156,-0.34156922,1.1697403,0.07371756,0.27212635,0.30276042,-0.9523707,-0.7580116,0.9932034,-0.3760701,-1.1175253,-0.7620323,0.21338598,-0.9482484,1.5264907,-0.04368159,-0.016948804,-0.33727577,-1.3289645,1.0439163,mayki
56,0.37570977,0.0276931,1.0239165,0.75094074,2.1807847,0.93430954,1.3049976,-0.696099,1.0114852,-0.22789404,-0.24926156,-0.9386439,1.311516,-1.2324276,-0.38197148,1.955686,0.60254884,-0.80759096,0.95405656,0.005727769,0.71204746,1.6153663,-2.04488,-0.76177275,-1.1549087,-1.6026049,1.7571933,-1.0187117,-0.037917927,-0.44073567,-0.66587603,0.71619517,0.93392015,1.026434,0.3156838,0.07486504,-0.36674508,-1.6159949,-0.10066432,-1.1001568,1.2714326,0.11771295,-0.6320723,0.14668745,-1.2053083,-1.0793641,-2.3690155,0.13652171,-0.26766378,0.019004028,-0.077038094,-0.23241256,-1.4895407,2.5201569,0.38009238,-0.7260052,-0.83156747,-3.2631645,-0.8571717,-1.7312667,-1.7144972,-0.8665828,1.7792516,1.0089102,-1.1161869,0.56513005,0.44462526,-1.1581517,-0.9708735,0.56753516,-0.5055587,-1.456063,-0.20569669,-0.09117498,0.8895128,0.41650122,-0.38877532,1.3064119,0.2689165,0.5860183,0.41743654,0.95159304,-1.6782387,0.0091798175,1.9170557,-1.4125775,1.1415387,-1.4685117,-1.6986123,0.7302266,-0.8013081,1.6798879,0.38174888,-0.6209996,-0.5675462,-1.2193322,-0.17851977,-1.1597108,-0.5437967,0.6755368,-1.6641909,0.42596784,-1.4092854,1.4048246,1.3690683,1.6701348,-1.4669889,-0.17285891,-2.4429796,0.02458579,1.5668335,-0.7568432,-0.23046598,0.17957257,-1.4344809,0.47548476,-0.54767275,-1.1929976,-1.607624,-0.6022603,-0.4556042,-0.83740413,1.391736,0.48519042,0.9738221,0.84292734,-0.44238466,1.656804,mayki
57,-0.3217497,-0.69440603,0.6059817,1.0469596,-0.36391532,-0.3728286,1.8409342,-0.4357507,-0.705752,-0.4753154,-0.58265334,-1.3443627,1.4460095,-1.2558061,0.7099335,1.7883959,-0.30899417,0.5349585,-0.42364493,1.6405612,0.7623713,1.3071187,-1.6961741,-1.021838,-0.9181253,-0.39490107,0.9913312,-0.18328524,0.30879653,-0.57697064,-0.94341063,1.2045517,0.48728254,1.6706185,0.26477212,-1.352389,-0.6482895,-1.6629838,-0.55505645,-1.4159317,1.2486122,0.762761,0.019212104,0.54839194,0.8755578,-3.105502,-0.061340533,0.6712395,1.7343175,1.3761696,0.05595433,-0.5082888,-1.2960724,0.69822353,0.27131975,-0.48359886,-0.47263864,-0.8251472,-0.2703096,1.1664902,-0.93328375,-0.7079871,0.16667792,0.80280054,-1.0133772,0.6845219,0.5115359,-0.90285426,-0.17566198,0.2586677,-1.3231411,-1.8039387,0.77629024,-0.8808386,1.1472622,-1.1044487,-1.1838585,-0.61961204,-0.1221524,0.617367,-0.38118806,0.3681941,-0.015865225,-0.016348906,2.0410278,-0.25837553,0.55388045,-0.44117188,0.26123685,0.1515759,-1.4472575,1.836442,-0.5859688,-0.1772998,-0.12288353,-1.7384452,-1.3592907,-1.97331,-0.051185623,0.64113224,0.5876989,0.28390333,-1.6465249,1.5616709,1.5376393,0.35484272,0.24321279,0.081799634,-2.3730586,0.80871594,1.2993424,-0.3557254,-0.58628607,1.1515827,-1.4517748,-0.987435,0.35059208,-1.1148229,-1.6409191,-0.6845099,2.0723135,-0.2520953,0.02583707,0.3162451,-1.3989074,0.2752058,-0.6343317,1.1040869,mayki
58,0.17467488,0.23100191,1.2428342,0.2147145,-1.0222144,-0.18041053,2.1660914,-0.63372636,-0.48917153,-1.4612335,-0.74139166,-1.6657354,0.45812786,-0.5951326,0.78769195,1.4057896,-0.6858299,0.649994,0.31689367,0.96939045,1.2924206,0.80204016,-1.3694752,-1.2888753,-0.7999486,-1.1139305,0.4115583,-1.3938003,0.07120194,-0.5004862,-1.6321731,1.1836448,0.07910453,2.3553748,0.21315476,-1.1840822,-0.7660107,-1.5165333,-0.25285178,-1.1212397,1.1939192,0.6499911,-0.91582835,-0.11764804,0.48635286,-2.1796243,-0.63032407,1.3470888,1.4945636,1.2569013,-0.39839458,-0.28147364,-0.7728189,1.001211,0.6297863,-0.922627,-0.26342925,-0.4119573,-0.73475355,1.0296769,-1.0391797,-1.0744495,-0.12425786,1.0940791,-0.44313055,0.6768662,1.0105379,-1.078537,-0.3770454,0.6987289,-0.6799566,-1.3889401,0.5593927,-0.9134101,0.53330356,-1.3268528,-1.3896941,-0.26359805,-0.5246665,0.4975794,-0.33470863,0.24867797,-0.014915645,-0.763593,2.319188,0.030692853,0.25438416,-1.1898475,-0.4735319,-0.005673714,-0.5601427,2.236898,-0.2694682,-0.28769135,-0.38417095,-1.1467223,-1.2329937,-1.2025728,-0.20465894,0.7610918,-0.048519406,0.12432676,-1.3580288,2.090847,1.057946,0.26747525,-0.32860443,0.61094165,-2.7093673,0.6155005,0.36181965,-0.9827066,-0.5151781,0.70019704,-1.9459951,-0.96646154,0.7333096,-1.1468188,-1.5202751,-0.24720043,1.3336613,0.018958623,-0.010019261,-0.64134616,-1.4353967,0.77368236,-1.2782991,1.2270335,mayki
59,-0.07067463,0.8766216,1.037667,0.35754123,0.31006962,-0.10806366,2.299796,-1.4271287,-0.4831468,-1.2988062,-0.14356278,-0.6598266,1.0220261,-0.33796492,-0.17047542,1.4608423,-0.21839634,0.34299266,0.25087267,1.2472845,0.06757723,1.7757078,-1.9093504,-1.1714319,-0.55892533,-0.9400855,2.113296,-0.9476073,0.02235461,0.3005217,-1.007417,1.284076,0.2040118,2.3191063,-0.14613621,-1.3268298,-0.56589115,-1.343305,0.046506368,-0.93960035,1.3050904,-0.23300171,-1.1283627,1.1405823,0.27864125,-2.3826485,-1.0543345,-0.1242332,1.1806937,0.53802776,-0.47981715,0.42378294,0.08941857,0.6608912,-0.26863512,-0.32797837,-0.0032902043,-1.3079093,-1.0086756,0.13614115,-0.61450106,0.1910154,-0.6294582,1.5312964,-0.36945915,0.70817554,1.3666083,-1.5681351,-0.3663723,0.34877926,-0.3342918,-1.2453623,0.5029456,-0.29786876,1.0207627,-0.59531426,-0.11335621,0.07426945,0.1257534,0.07255986,0.067162156,1.3995559,-0.34683698,0.33852115,2.8743632,0.44352737,0.90267694,-1.2970481,-1.01806,0.033606898,-1.7195191,1.9931173,-0.31126934,-0.8315803,0.70416987,-1.3990341,-0.5609954,-1.8736947,0.06427288,0.057611696,-0.68542695,0.86165994,-1.4011952,1.2765234,0.9653726,1.6202697,-0.25442892,0.59163034,-2.4820118,-0.9618738,0.56107897,0.33256334,-0.5206599,0.72644,-1.5217311,0.95007336,-0.21152441,-0.24552682,-1.7490429,0.44064793,1.4923201,0.34409958,0.7818186,-0.7384923,-0.27367258,0.5041489,-0.7300259,1.1109113,mayki
